tweet_id,username,created_at,text,url,post_type,conversation_id,in_reply_to_status_id,in_reply_to_user_id,quoted_tweet_id,retweeted_tweet_id
1895445397075890221,DaanCrypto,2025-02-28T12:06:12+00:00,"The $BTC CME Gap has been mostly closed but not entirely.

These gaps can be interesting to watch but I always say not to value them too much, especially if price is trading further away from it. https://t.co/kDtmZvhlrt",https://x.com/DaanCrypto/status/1895445397075890221,tweet,1895445397075890221,,,,
1895378972885819460,DaanCrypto,2025-02-28T07:42:16+00:00,@kobratrading Yep,https://x.com/DaanCrypto/status/1895378972885819460,reply,1895377361652142234,1895378724922741040,2743863562,,
1895378537948803361,DaanCrypto,2025-02-28T07:40:32+00:00,$BTC Has sold off approximately ~$100 EVERY HOUR during the past week.,https://x.com/DaanCrypto/status/1895378537948803361,tweet,1895378537948803361,,,,
1895377361652142234,DaanCrypto,2025-02-28T07:35:52+00:00,"$BTC I know it's not great either way, but if I had to choose, I'd prefer the quick and violent dumps over the long stretched out ones any day.

That 2024 sideways action was pain and makes people susceptible for much more mistakes along the way.

Additionally, the quicker it dumps, the easier it is to retrace back up once it bounces, as there's less resistance on the way back up.

Anyways, just some thoughts as we await the market's next move :)",https://x.com/DaanCrypto/status/1895377361652142234,tweet,1895377361652142234,,,,
1895376278569787780,DaanCrypto,2025-02-28T07:31:33+00:00,@Julian0244 Everything has been slow this cycle so who knows lol,https://x.com/DaanCrypto/status/1895376278569787780,reply,1895374232302874655,1895375322734096386,1307211668452237312,,
1895376093412237717,DaanCrypto,2025-02-28T07:30:49+00:00,@outpxce Can't wait for the ear price action part,https://x.com/DaanCrypto/status/1895376093412237717,tweet,1895375490732716168,,,,
1895374232302874655,DaanCrypto,2025-02-28T07:23:25+00:00,"Market honestly feels somewhat similar to the Spring 2021 dump.

Different market evironment, as alts ran up hard before that point which obviously wasn't the case in 2025.

But the $BTC price action into it, followed by a lot of liquidations and relentless selling, while being approximately ~4 years later (similar timing in cycle) does ring a bell.

The 2021 dump was followed by a ruthless sideways chop with massive volatility throughout the Summer. This is when the Metaverse/GameFi meta really started booming.

Let's hope this range resolves a little quicker once it stabilizes a bit.",https://x.com/DaanCrypto/status/1895374232302874655,tweet,1895374232302874655,,,,
1895371393392341104,DaanCrypto,2025-02-28T07:12:09+00:00,"Interestingly enough, $BTC Dominance is pretty much flat the past 3 weeks.

The recent drop in Altcoin USD values was mainly due to $BTC breaking down, taking everything down with it, and not further altcoin underperformance like before.

Whether this means alts have pretty much ran out of sellers (relative to BTC, obviously there are sellers) or are due for some outperformance is the big question of course.

Generally, Altcoins do outperform on the bounces once the market finds some bid. The ones that sold off the most usually also bounce the most (mean reversion).

This isn't very actionable, I know. Just an observation.",https://x.com/DaanCrypto/status/1895371393392341104,tweet,1895371393392341104,,,,
1895344030848033254,DaanCrypto,2025-02-28T05:23:25+00:00,"@pG6Z5GbT_U2rvL Often the case yes.

Always hard to determine what the real endgame is.",https://x.com/DaanCrypto/status/1895344030848033254,reply,1895342200289931488,1895343260836733371,106515179,,
1895342200289931488,DaanCrypto,2025-02-28T05:16:08+00:00,"$BTC ~$1.8 Billion in Bids has appeared on the Binance futures pair.

These bids are sitting between $70K-$79K.

What happens when bids like these appear is varied. Sometimes price never moves into them, when it does start hitting them, it often fills a lot of them before (shortly) reversing.

Keep in mind, these are bids that can just as easily be pulled away.

Highlighting this as it's an insane amount and this is something you rarely ever see.",https://x.com/DaanCrypto/status/1895342200289931488,tweet,1895342200289931488,,,,
1895336683991900539,DaanCrypto,2025-02-28T04:54:13+00:00,$ETH What does this mean? https://t.co/7qD040ntOp,https://x.com/DaanCrypto/status/1895336683991900539,tweet,1895336683991900539,,,,
1895336276188111311,DaanCrypto,2025-02-28T04:52:36+00:00,"@rj_trading1 That's an ETHUSD Perp. That has $170M volume vs the $4.8B of ETHUSDT on Bybit today alone.

It's not the main pair and therefore not worth watching.

As far as I can see all the main ETHUSDT perps and spot pairs swept the low.",https://x.com/DaanCrypto/status/1895336276188111311,reply,1895334934589645123,1895335224994865534,929447345640665088,,
1895334934589645123,DaanCrypto,2025-02-28T04:47:16+00:00,"$ETH Swept its August lows on every exchange now.

This wasn't quite the case on most spot exchanges after the recent wick.

It is a must hold area for ETH to hold otherwise we'd see the 1 handle soon after. https://t.co/bPzfy5pD9M",https://x.com/DaanCrypto/status/1895334934589645123,tweet,1895334934589645123,,,,
1895323541777850424,DaanCrypto,2025-02-28T04:02:00+00:00,"$BTC Has seen a big streak of ETF outflows which saw its second largest day with close to a billion in outflows this week.

Generally, these large outflow streaks coincide with local bottoms while large inflow days coincide with local tops this cycle.

Be on the look out for big flows while price isn't moving in the same direction as those flows. That often shows there's a lot of absorption and price is looking to reverse around that area.

For now, price has still been trending down with the outflows.",https://x.com/DaanCrypto/status/1895323541777850424,tweet,1895323541777850424,,,,
1895111897386795450,DaanCrypto,2025-02-27T14:01:00+00:00,"The Fear & Greed index has generally not been very actionable but extremes like we're seeing now, can still be interesting to take note off.

The index is now sitting at 10 which is the lowest it has been since the Summer of 2022 when LUNA & All the lenders were blowing up and the entire space imploded.

Just for reference.",https://x.com/DaanCrypto/status/1895111897386795450,tweet,1895111897386795450,,,,
1895033523758587905,DaanCrypto,2025-02-27T08:49:34+00:00,"$LTC Has been one of the strongest coins the past couple of weeks.

The high timeframe chart still looks solid.

It just has this massive $140 level which it has failed to break so far. But keep an eye out for when that happens as it could result in a big move upwards.

The strength is mainly due to the ETF narrative recently which is putting some bid on this. I doubt there wil actually be meaningful inflows when the ETF is live but it's a decent narrative until that point.

One of the most interesting charts out there still.",https://x.com/DaanCrypto/status/1895033523758587905,quote,1895033523758587905,,,1887498576084824465,
1895024917969764562,DaanCrypto,2025-02-27T08:15:22+00:00,"$SEI Has been doing relatively well the past few weeks and even trended up during all the recent chaos.

This has taken out all the liquidity by sweeping those August lows.

Currently trying to get above this local high volume area which would lead the way open to ~$0.33 https://t.co/DG4BiOC7ot",https://x.com/DaanCrypto/status/1895024917969764562,tweet,1895024917969764562,,,,
1895024399679373696,DaanCrypto,2025-02-27T08:13:19+00:00,"$IOTA Has been holding on to the $0.19 level and is trying to form a higher low here.

If this can get back above $0.25, that'd make for a nice setup for a higher timeframe reversal. Currently at support. https://t.co/MoTrtE9GqA",https://x.com/DaanCrypto/status/1895024399679373696,tweet,1895024399679373696,,,,
1895023485057110337,DaanCrypto,2025-02-27T08:09:41+00:00,"$APT Has been holding on to the massive high timeframe support area.

Has been doing relatively well the past couple of weeks as most of the market has been taking big hits.

Key area here. https://t.co/s1g9pQL90Y",https://x.com/DaanCrypto/status/1895023485057110337,quote,1895023485057110337,,,1894962529664934208,
1894956551888347563,DaanCrypto,2025-02-27T03:43:43+00:00,"$BTC Good bunch of liquidity taken out below that $90K region which has been the range low for the past couple of weeks.

There's a big pocket around the mid 70s and the $100K area but those are both quite far off for the time being.

Would not be surprised to see some sideways action as positions build back up on both sides before choosing the next direction.",https://x.com/DaanCrypto/status/1894956551888347563,tweet,1894956551888347563,,,,
1894907916949561846,DaanCrypto,2025-02-27T00:30:27+00:00,@Vrtxluvs2gamble I think many would be happy for price to chill out here considering it dropped ~$15K in the past few days,https://x.com/DaanCrypto/status/1894907916949561846,reply,1894905653736435866,1894907294850392433,2907978183,,
1894905653736435866,DaanCrypto,2025-02-27T00:21:28+00:00,"$BTC Big area to watch.

After the range low was lost at ~$90K, price coninued to take out local liquidity lower and is now trading at the golden fib retracement level.

Meanwhile, it has also tapped the Daily 200MA/EMA for the first time since leaving the summer chop of 2024.

If BTC can retake the range low at ~$90K I think that'd set it up nicely for a move higher.

Could see a good case for a local range/chop between this roughly ~$80K-90K region.",https://x.com/DaanCrypto/status/1894905653736435866,tweet,1894905653736435866,,,,
1894726004293382300,DaanCrypto,2025-02-26T12:27:36+00:00,"$BTC Playing out similar so far. 

Let's see if it can retake that range properly and sees some momentum.

Also good to see high ETF outflows the past two days as that was the case during all these other range low sweeps as well. https://t.co/Z9MhUfDzRY",https://x.com/DaanCrypto/status/1894726004293382300,quote,1894726004293382300,,,1892309370475860177,
1894671595332882654,DaanCrypto,2025-02-26T08:51:24+00:00,"The $TOTAL Altcoin Market cap has underperformed $BTC this cycle.

Yet, it has still been in a larger up trend. But recently there has been a lot of weakness and price is currently rejecting from the initial 2024 highs which acted at resistance.

That red horizontal is a key short to mid timeframe level to watch to determine alt coin momentum.

Kind of in the middle of nowhere here.",https://x.com/DaanCrypto/status/1894671595332882654,tweet,1894671595332882654,,,,
1894638561993134539,DaanCrypto,2025-02-26T06:40:08+00:00,@Innerdevcrypto Gm,https://x.com/DaanCrypto/status/1894638561993134539,reply,1894637163423437181,1894637163423437181,1342161424630636544,,
1894598514878955974,DaanCrypto,2025-02-26T04:01:00+00:00,"$BTC Has been trading in this price region on the Rainbow Chart since the start of 2024.

The next area above sits at ~$115K and reaches all the way until ~$150K. I think such price levels should spark some excitement again from the outside world and see a new inflow of retail come in.

For now, we're just in another larger consolidation.",https://x.com/DaanCrypto/status/1894598514878955974,tweet,1894598514878955974,,,,
1894520078399672426,DaanCrypto,2025-02-25T22:49:19+00:00,@trading4orlife Yes,https://x.com/DaanCrypto/status/1894520078399672426,reply,1894290256658120987,1894292349158662282,1276370122169413632,,
1894290256658120987,DaanCrypto,2025-02-25T07:36:06+00:00,"$ETH Has failed to break above that important $2.8K area which has been a big resistance the past few weeks. 

After Bybit announced they filled the hole after the hack, price started selling off.

This cycle, both $BTC & $ETH have reacted well around the .786 levels so I'm keeping an eye on this area here.
BTC also just swept the range lows.

The larger range between ~$2.1K-$2.8K remains the most important one.

Anyways, currently just holding spot and not doing much.",https://x.com/DaanCrypto/status/1894290256658120987,tweet,1894290256658120987,,,,
1894279451317248272,DaanCrypto,2025-02-25T06:53:09+00:00,"$BTC Tapping the range low again. This is about the 7th time it touches this level within this range (depending on how you count).

Previous ranges have seen similar price action, where eventually price tends to flush lower but ends up retaking the range later on after flushing out all the longs.

That would be a setup I'm interested in taking (up on that range retake) as dicussed before.",https://x.com/DaanCrypto/status/1894279451317248272,tweet,1894279451317248272,,,,
1894130182765822266,DaanCrypto,2025-02-24T21:00:01+00:00,"$BTC 200 Week Moving Average Heatmap is based on the percentage increases of the Weekly 200MA.

If it's increasing a lot, due to explosive price action towards the upside, you'll see warmer colors.

These colors are generally also close to a top while the colder colors are generally seen during the bottom & mid cycles.

Good to note that price action will generally be slower over time as BTC has grown and the market matured.",https://x.com/DaanCrypto/status/1894130182765822266,tweet,1894130182765822266,,,,
1894024734201037008,DaanCrypto,2025-02-24T14:01:00+00:00,"$BTC Generally offers good buying opportunities when it's trading at/below its 2 year moving average.

A tool for determining previous cycle tops has been to take the 2 year moving average and multiply it by 5.

This marked the 2021 cycle top nicely. In the 2013 & 2017 cycles, price even traded above it.

While I think it's unlikely for BTC to reach this level again due to it's size and the market maturing, I think it can still be a decent tool to watch.

Still gives a good idea of where BTC is trading relative to the high timeframe extremes.",https://x.com/DaanCrypto/status/1894024734201037008,tweet,1894024734201037008,,,,
1893934388586660106,DaanCrypto,2025-02-24T08:02:00+00:00,"Often, the moment you feel like giving up on your coins is the moment you should actually be buying and vice versa.

The best long term buys I've done are the ones I did while feeling sick in my stomach from all the pain we endured the weeks/months before.

On the other side, the worst buys are generally the ones where you feel you don't own enough after prices have already gone up a lot.

Lesson in there :)",https://x.com/DaanCrypto/status/1893934388586660106,tweet,1893934388586660106,,,,
1893884599157113054,DaanCrypto,2025-02-24T04:44:09+00:00,"@lookonchain @0xinfini Hackers stealing ETH, hackers buying ETH.

Entertaining asset",https://x.com/DaanCrypto/status/1893884599157113054,reply,1893883766247973026,1893883766247973026,1462727797135216641,,
1893763857325473814,DaanCrypto,2025-02-23T20:44:22+00:00,"$BTC.D Just chilling around the highs. Still think this is a key level to be watching in the short term.

If $ETH can actually put in a decent move and send this lower, that should be very supportive of some solid altcoin price action after all the recent downside.

I would expect for BTC to (shortly) outperform again if it were to see a big volatility spike by breaking away from this ~$90-110K range at some point.",https://x.com/DaanCrypto/status/1893763857325473814,tweet,1893763857325473814,,,,
1893707644814192807,DaanCrypto,2025-02-23T17:01:00+00:00,"Most coins traded down the past month.

Interesting enough, DeFi has been most resilient, even with the massive $ETH flush that occured early February.

DeFi has been the underperforming sector for years as memes took the spotlight.

Now Memes are taking big hits being down 40%+ on average in the past month alone.",https://x.com/DaanCrypto/status/1893707644814192807,tweet,1893707644814192807,,,,
1893632398228849106,DaanCrypto,2025-02-23T12:02:00+00:00,"$BTC The Friday volatility has made a lot of positions close which has sent the Open Intererest back to its lows within this price range.

Meanwhile, price is holding somewhere in the middle which is nice.

Generally a lower open interest with a higher price is something that makes for a good reset, even if it's just on a lower timeframe.

Still need spot to take it from here.",https://x.com/DaanCrypto/status/1893632398228849106,tweet,1893632398228849106,,,,
1893591689341640994,DaanCrypto,2025-02-23T09:20:14+00:00,"@misconfig_exe Both are bad.

But this time they don’t even believe their own scams/ponzi’s lol. Now it’s just instant extraction.

I guess this is worse short term, better long term seeing how Luna/FTX ended",https://x.com/DaanCrypto/status/1893591689341640994,reply,1893571388822176208,1893583864561315892,4814159995,,
1893580977097556249,DaanCrypto,2025-02-23T08:37:40+00:00,@0RN0IR Playing out I think,https://x.com/DaanCrypto/status/1893580977097556249,reply,1893227616313684400,1893228803406647455,918138253617790976,,
1893571388822176208,DaanCrypto,2025-02-23T07:59:34+00:00,"The big difference between this and last cycle's scammers is that last cycle they actually believed in their scams.

Luna, FTX etc. All ran up to insane valuations while the founders were looking at running it up even higher.

This cycle the grifters are full extraction mode and the scams usually don't take more than a few hours to a few days before getting rugged.

Not like any of them are good, but at least the first example saw some kind of wealth effect and momentum created lol. The blow ups themselves were much worse because of that though.",https://x.com/DaanCrypto/status/1893571388822176208,tweet,1893571388822176208,,,,
1893561299709083838,DaanCrypto,2025-02-23T07:19:29+00:00,@ZoomerOracle That's going to be fun,https://x.com/DaanCrypto/status/1893561299709083838,reply,1893493538630856804,1893493538630856804,1297920445979807744,,
1893561002647527773,DaanCrypto,2025-02-23T07:18:18+00:00,"@zhusu First time in a while.

Now let's hope we don't get rugged again",https://x.com/DaanCrypto/status/1893561002647527773,reply,1893548602036768979,1893548602036768979,79714172,,
1893560851677753671,DaanCrypto,2025-02-23T07:17:42+00:00,@OasisProtocol 🤝,https://x.com/DaanCrypto/status/1893560851677753671,reply,1893390305367380348,1893390305367380348,1149448314158342144,,
1893405906521502073,DaanCrypto,2025-02-22T21:02:00+00:00,"$TOTAL Altcoin Market Cap still consolidating near its 2024 highs.

Technically in an up trend but would want to see this trade back above that red horizontal to get some momentum going.

This didn't quite reach new all time highs yet this cycle, mainly due to the big $ETH underperformance.",https://x.com/DaanCrypto/status/1893405906521502073,tweet,1893405906521502073,,,,
1893345508133110166,DaanCrypto,2025-02-22T17:02:00+00:00,"$BTC Range still ranging.

Meanwhile, volatility is trending down as price is getting more and more compressed.

Even during yesterday's drama, price still closed at the same price region which it has done so for the past 2 weeks. https://t.co/pu13Y9J15r",https://x.com/DaanCrypto/status/1893345508133110166,tweet,1893345508133110166,,,,
1893271173401575611,DaanCrypto,2025-02-22T12:06:37+00:00,"@CrussaderK I have zero insight in what happens at tje company. Just good to see they handled it well.

It has also been confirmed to be Lazarus Group (NK) so would personally not spend too much energy looking into these kind of things haha.",https://x.com/DaanCrypto/status/1893271173401575611,reply,1893227616313684400,1893239848644808711,1570741666662727686,,
1893269759187136950,DaanCrypto,2025-02-22T12:01:00+00:00,"$BTC Lots of liquidity taken on both sides yesterday.

Key levels to watch in the short term are $94K & $100K.

As it's weekend, I'm expecting to mostly see chop for now and we'll see where it wants to go on Monday. https://t.co/wAxTUPicUG",https://x.com/DaanCrypto/status/1893269759187136950,tweet,1893269759187136950,,,,
1893248366265397297,DaanCrypto,2025-02-22T10:36:00+00:00,@boldleonidas @zircuit Accurate,https://x.com/DaanCrypto/status/1893248366265397297,reply,1893247363696771183,1893247363696771183,1432635656161746947,,
1893241984006942977,DaanCrypto,2025-02-22T10:10:38+00:00,Entire dump retraced relative to BTC now.,https://x.com/DaanCrypto/status/1893241984006942977,reply,1893227616313684400,1893227616313684400,918138253617790976,,
1893231391267000754,DaanCrypto,2025-02-22T09:28:32+00:00,@cobie @zachxbt @frdysk Glad we got the crypto veteran to ELI5,https://x.com/DaanCrypto/status/1893231391267000754,reply,1893211577836302365,1893230253994123763,2259434528,,
1893230554083942902,DaanCrypto,2025-02-22T09:25:13+00:00,"@0RN0IR Lmao it would definitely be entertaining.

But yea, if the hackers sell the same amount or swap it to BTC or whatever then we wouldn't see much of a difference.

Would be interesting to know specifics on the details of the bridge loan but I don't think we'll get those",https://x.com/DaanCrypto/status/1893230554083942902,tweet,1893227616313684400,,,,
1893228803406647455,DaanCrypto,2025-02-22T09:18:15+00:00,"Technically, if the 1B should be bought back to repay the loan, Bybit would need to sell the other assets in their reserves to buy back the ETH to return. (If they indeed repay the ETH and not some other asset).

If the hacked ETH also isn't sold anytime soon this hack could actually be a short term net positive for ETH relative to the rest of the market believe it or not.

I know, it's weird and there's some assumptions of what might happen but I'm pretty sure that's why ETH is one of the strongest coins today lol.

Obviously (almost) no one knows what's up.",https://x.com/DaanCrypto/status/1893228803406647455,tweet,1893227616313684400,,,,
1893227616313684400,DaanCrypto,2025-02-22T09:13:32+00:00,"$ETH Only down ~1% in relative terms to $BTC after the hack.

Seeing yesterday's big stock market sell off, I think it's safe to assume that the market would have sold off regardless of the hack.

To see ETH at basically the same level as before a $1B+ hack is pretty interesting. Would not be surprised it there's indeed some entity buying back some of that lost ETH or people frontrunning such a thing.

At some point the ETH likely has to get back somehow, whether it's recovered or bought back. Otherwise there would not be a 100% cover of funds. This is temporarily covered by a bridge loan by Binance I think. The question is how they will be paid back eventually (ETH or other assets). Not sure if that's known but unlikely we'll hear about how that deal is structured.

Lastly, obviously we'd likely see a bit of a scare if we actually see some of the ETH being sold on DEXes or whatever. But generally speaking, this process takes months or years after these big hacks. Sometimes it doesn't even get touched for years after having shuffled it up into seperate wallets.",https://x.com/DaanCrypto/status/1893227616313684400,tweet,1893227616313684400,,,,
1893199173295452639,DaanCrypto,2025-02-22T07:20:31+00:00,"$BTC It's weekend again so not expecting much from BTC as usual.

It seems like it's a common theme now for price to run up on Friday only to get slammed back down later on Friday and go into the weekend like this.

Whether it is Tariffs or a hack in this case, we've seen the same thing several weeks in a row now.",https://x.com/DaanCrypto/status/1893199173295452639,tweet,1893199173295452639,,,,
1893192515034947977,DaanCrypto,2025-02-22T06:54:04+00:00,"@benbybit Well handled the situation with instant updates & a live stream.

Well done",https://x.com/DaanCrypto/status/1893192515034947977,reply,1893131588415955409,1893131588415955409,1100932506193260544,,
1893042735071875416,DaanCrypto,2025-02-21T20:58:53+00:00,"$BTC After about 2 weeks of closing in the same ~2% price range, we're finally seeing some volatility towards both directions.

$98K is also where most volume has been traded throughout this entire range in 2025 so it's a key level going forward. https://t.co/ydJJ1VeV1I",https://x.com/DaanCrypto/status/1893042735071875416,quote,1893042735071875416,,,1891887690951373299,
1893001452496285927,DaanCrypto,2025-02-21T18:14:51+00:00,"@trmachine888 Maybe. But also imagine the same happens to some onchain bridge.

At least this is just a fraction instead of the entire protocol/platform",https://x.com/DaanCrypto/status/1893001452496285927,reply,1893000023891116138,1893000023891116138,1162675971046170624,,
1892998373000548560,DaanCrypto,2025-02-21T18:02:36+00:00,@PeterB888967654 Cursed coin this cycle lol,https://x.com/DaanCrypto/status/1892998373000548560,reply,1892983949787369659,1892998130221637849,1860389898617786368,,
1892995217847926875,DaanCrypto,2025-02-21T17:50:04+00:00,@trading_axe 😎,https://x.com/DaanCrypto/status/1892995217847926875,reply,1892991848488051067,1892991848488051067,1398319504975970310,,
1892988599194341600,DaanCrypto,2025-02-21T17:23:46+00:00,@RookieXBT Lmao,https://x.com/DaanCrypto/status/1892988599194341600,reply,1892987340676596018,1892987340676596018,2545086098,,
1892987734815371634,DaanCrypto,2025-02-21T17:20:20+00:00,@HighStakesCap IYKYK,https://x.com/DaanCrypto/status/1892987734815371634,reply,1892986935292903850,1892986935292903850,1154010518790791168,,
1892984572146499688,DaanCrypto,2025-02-21T17:07:46+00:00,"@zackvoell It's the wallet that's in between a hot and a cold one.

Not quite either of them, but still a bit warm.

What this means in terms of security and storage... I have no idea.",https://x.com/DaanCrypto/status/1892984572146499688,reply,1892983594471117033,1892983594471117033,2373682811,,
1892984393209094278,DaanCrypto,2025-02-21T17:07:03+00:00,@ByzGeneral Fact,https://x.com/DaanCrypto/status/1892984393209094278,reply,1892982247017353537,1892982247017353537,1098266607594455041,,
1892983949787369659,DaanCrypto,2025-02-21T17:05:18+00:00,"$ETH With yet another $2.8K test and rejection after the Bybit hack news.

Still trying to get above that area which would open the road for higher.

For now, the chop/consolidation continues. https://t.co/ytxxQfmzUo",https://x.com/DaanCrypto/status/1892983949787369659,quote,1892983949787369659,,,1891585616778772662,
1892925304944889865,DaanCrypto,2025-02-21T13:12:16+00:00,$BTC Saylor carrying the market again. https://t.co/Y2zuhRWphI,https://x.com/DaanCrypto/status/1892925304944889865,tweet,1892925304944889865,,,,
1892918032420249657,DaanCrypto,2025-02-21T12:43:22+00:00,@DoopieCash Enjoy!,https://x.com/DaanCrypto/status/1892918032420249657,reply,1892911263715405938,1892911263715405938,984731455942221825,,
1892907153159065987,DaanCrypto,2025-02-21T12:00:08+00:00,@cryptocevo 🍌,https://x.com/DaanCrypto/status/1892907153159065987,reply,1892906923193671890,1892906923193671890,1962290894,,
1892894090791948306,DaanCrypto,2025-02-21T11:08:14+00:00,"$BTC Solid break from the channel and horizontal area.

Just needs to see continuation now into the weekend to get a good base going into next week.

$98K is key in the short term. https://t.co/ZBt7o4yRwV",https://x.com/DaanCrypto/status/1892894090791948306,quote,1892894090791948306,,,1892536247299539244,
1892892097356681251,DaanCrypto,2025-02-21T11:00:18+00:00,"Binance (potentially) listing some solid projects instead of all the meme coins for a change.

Makes it less likely that the listing is an actual all time high top similar to some of these listing from the past few months which instantly died after going live lol.

Obviously I'm happy to see $CPOOL in here being my main RWA bag.",https://x.com/DaanCrypto/status/1892892097356681251,quote,1892892097356681251,,,1892853865583673552,
1892846973511729640,DaanCrypto,2025-02-21T08:01:00+00:00,"Since the elections we can see how both $BTC as well as the entire top 100 (which includes BTC) have generally gained market dominance.

This is on the back of other majors like $XRP & $SOL making moves together with BTC which took away market share from all the mid/small caps.

I think this trend is healthy for the market but you'd want ETH to eventually join this as well as that's usually the one that leads other coins and the overall altcoin market to follow.",https://x.com/DaanCrypto/status/1892846973511729640,tweet,1892846973511729640,,,,
1892680878771601504,DaanCrypto,2025-02-20T21:01:00+00:00,"$TOTAL Still sitting on top of its 2021 all time high level.

It has been holding this as support for the past couple of weeks but has failed to push higher so far.

The market is off to the races if this were to break past its recent highs as that'd most likely confirm a new leg up similar to the one we saw post elections.",https://x.com/DaanCrypto/status/1892680878771601504,tweet,1892680878771601504,,,,
1892617951498453276,DaanCrypto,2025-02-20T16:50:57+00:00,"Most coins which aren't $BTC & Majors are sitting at average RSI levels of <40.

These are generally pretty much bear market levels and show the big difference between BTC & Majors vs most other coins out there.

Keep focussing on (relative) strength wherever in the market it might be.",https://x.com/DaanCrypto/status/1892617951498453276,tweet,1892617951498453276,,,,
1892544355681890506,DaanCrypto,2025-02-20T11:58:30+00:00,@jtradestar It's a shame many people won't recognize this brilliant meme,https://x.com/DaanCrypto/status/1892544355681890506,reply,1892543729447133233,1892543729447133233,1359924512750501901,,
1892536247299539244,DaanCrypto,2025-02-20T11:26:17+00:00,"$BTC Consolidating in this channel for most of the month February.

~$98K level is key in the short term for a break from this low timeframe trend.

Currently at resistance. https://t.co/8cFGqVnj7x",https://x.com/DaanCrypto/status/1892536247299539244,tweet,1892536247299539244,,,,
1892484837262401910,DaanCrypto,2025-02-20T08:02:00+00:00,"The past few days, the Moonshot appstore ranking has been decreasing as meme coins have been getting destroyed.

Meanwhile, the Coinbase ranking is slowly increasing again.

I think the divergence there is generally a healthy sign as we'd want the focus to be back on $BTC and majors to get a healthy and sustainable market/trend reversal going at some point.

We don't get that by every new retail participant gambling their capital away on scams.",https://x.com/DaanCrypto/status/1892484837262401910,tweet,1892484837262401910,,,,
1892309370475860177,DaanCrypto,2025-02-19T20:24:45+00:00,"$BTC Currently in its 5th consolidation.

We saw 2 short ones and 2 larger ones. This one is right in the middle of it in terms of duration so far.

Even if price were to sweep the ~$90K range low, watch closely, because a retake of the range might mean that its due for another move higher like previous consolidations. Obviously that changes if price does not deviate and continues to trade lower.

That's roughly what I'm looking at here. Maybe we don't get a sweep, maybe it doesn't retake the range.

Just think that if it does follow that similar pattern as all the other consolidations, it might offer a good swing setup.",https://x.com/DaanCrypto/status/1892309370475860177,tweet,1892309370475860177,,,,
1892258093842551253,DaanCrypto,2025-02-19T17:01:00+00:00,"$BTC It's clear where the liquidity lies within this current ~$90K-110K price range.

Most of the liquidity inside the range sits above us.

Below, most has been taken out recently until you start trading below that ~$90K range low where we'd definitely see quite a few long liquidations.",https://x.com/DaanCrypto/status/1892258093842551253,tweet,1892258093842551253,,,,
1892228038961569856,DaanCrypto,2025-02-19T15:01:35+00:00,"$BTC US Market Open sell offs are pretty rough recently.

Arrows at every week day 1 hour before the market open. https://t.co/UBEDKhubzq",https://x.com/DaanCrypto/status/1892228038961569856,quote,1892228038961569856,,,1891820459705913469,
1892210684240211985,DaanCrypto,2025-02-19T13:52:37+00:00,"$BTC Has been moving together with $SPX throughout its cycle.

But where stocks are generally ""Up Only"", we've seen multiple sideways consolidations by BTC which makes it look like it's underperforming.

But what we've see every time so far, is that when stock keep grinding at all time highs, BTC is usually quick to catch up and more. But it does so in a short time span (several weeks).",https://x.com/DaanCrypto/status/1892210684240211985,tweet,1892210684240211985,,,,
1892194530247553246,DaanCrypto,2025-02-19T12:48:25+00:00,"$NKLA Went from a $23B market cap stock to 0.

This thing traded worse than your average meme coin going through a few years of bear market. https://t.co/Xs6URrj4wG",https://x.com/DaanCrypto/status/1892194530247553246,tweet,1892194530247553246,,,,
1892182847475134949,DaanCrypto,2025-02-19T12:02:00+00:00,"$ETH This is roughly the scenario that bulls need to hope for.

$2.8K level remains a hard level to break through but price has been consolidating and slowly creeping higher.

That yellow diagonal is a key support to hold on to, otherwise I think a test of ~$2.4K would be likely.

For now, just chop.",https://x.com/DaanCrypto/status/1892182847475134949,quote,1892182847475134949,,,1891585616778772662,
1892143908928311364,DaanCrypto,2025-02-19T09:27:16+00:00,"$BTC Currently stuck in between the Yearly & Weekly Open.

Earlier this month, the monthly open acted as a strong resistance after the Canada/Mexico tariff bounce.

Good to keep an eye on these levels as I've mentioned before. https://t.co/9atfOD79Fi",https://x.com/DaanCrypto/status/1892143908928311364,quote,1892143908928311364,,,1889672564764532929,
1892141307583168646,DaanCrypto,2025-02-19T09:16:56+00:00,"$MNT Is one of the few coins that has held on to its bullish high timeframe market structure since last Summer's flush.

It's consolidating nicely above the $1 region as the rest of the market has traded lower.

Meanwhile, $COOK, mETH's governance token, is trading back into the range after deviating away from it.

The Mantle ecosystem might not be as hot just yet, but its assets are doing much better than most coins out there. Good to keep an eye on.",https://x.com/DaanCrypto/status/1892141307583168646,tweet,1892141307583168646,,,,
1892122197969223956,DaanCrypto,2025-02-19T08:01:00+00:00,"Times like these are great to reassess your long term portfolio, trading strategy and sources of information.

You usually don't have time to do this when times are exciting.

During the slow and bad times like these, it can give a fresh look on the assets you've been holding, the accounts you've been following etc.

If you really have long term conviction in your holdings, lower prices should want to make you buy more and not make you want to sell out of them.",https://x.com/DaanCrypto/status/1892122197969223956,tweet,1892122197969223956,,,,
1891952174403400103,DaanCrypto,2025-02-18T20:45:23+00:00,"@Naisola5 Possible, although I like a scenario where it taps high 80s upon a 90K break and then retakes the range similar to the other consolidations this cycle",https://x.com/DaanCrypto/status/1891952174403400103,reply,1891946083250581958,1891950705956532592,791592552403197953,,
1891950768577527900,DaanCrypto,2025-02-18T20:39:48+00:00,@AviFelman Not even 3 here I think lol,https://x.com/DaanCrypto/status/1891950768577527900,reply,1891950115209834701,1891950115209834701,3364497995,,
1891948697107206569,DaanCrypto,2025-02-18T20:31:34+00:00,@AfonsoMota__ VRVP Visible Range,https://x.com/DaanCrypto/status/1891948697107206569,reply,1891946083250581958,1891948031886446641,1531657956672081923,,
1891946083250581958,DaanCrypto,2025-02-18T20:21:11+00:00,"$BTC Starting to trade below its mid range and high volume node after consolidating at that area for a while.

My main focus is still on being patient and waiting for either of the range extremes to be tapped to look for potential trades. https://t.co/RhYBMWc3mF",https://x.com/DaanCrypto/status/1891946083250581958,tweet,1891946083250581958,,,,
1891887690951373299,DaanCrypto,2025-02-18T16:29:09+00:00,"$BTC Has closed within a 2% price range for the past 2 weeks.

Yet sentiment makes it seem like we've gone through several entire bull/bear cycles during this time. (Yes I'm aware this is also because alts are getting destroyed).

Zoom out, get away from the leverage. https://t.co/ABUb8RX1Mi",https://x.com/DaanCrypto/status/1891887690951373299,tweet,1891887690951373299,,,,
1891872437626700142,DaanCrypto,2025-02-18T15:28:33+00:00,"@ualifiaraujo For whatever it was worth at the time, yes. I think we're even getting a slight ""bonus"".

105-110% or whatever it was",https://x.com/DaanCrypto/status/1891872437626700142,reply,1891862848424353872,1891871577676894612,1468040975696416768,,
1891872349999296996,DaanCrypto,2025-02-18T15:28:12+00:00,@rutradebtc Definitely!,https://x.com/DaanCrypto/status/1891872349999296996,reply,1891862848424353872,1891865174056776086,132738669,,
1891865758327603318,DaanCrypto,2025-02-18T15:02:00+00:00,"Shared some interesting alts & High timeframe charts that have my interest here.

You can find them in my public telegram which is free to join.

Occasionally sharing some additional insights there. Also the easiest way to chat with me.

https://t.co/0DsxFveT9U",https://x.com/DaanCrypto/status/1891865758327603318,tweet,1891865758327603318,,,,
1891865275043095011,DaanCrypto,2025-02-18T15:00:05+00:00,"@awawat Let's see if we can get a green NY session for a change lol.

First hour usually pretty messy either way",https://x.com/DaanCrypto/status/1891865275043095011,reply,1891413439945265472,1891853364738019548,1281133175658254336,,
1891865036169125946,DaanCrypto,2025-02-18T14:59:08+00:00,@FoxyLinea @LineaBuild @phosphorxyz 🤝,https://x.com/DaanCrypto/status/1891865036169125946,reply,1889742997027541270,1889742997027541270,1760308240628285440,,
1891863718289408191,DaanCrypto,2025-02-18T14:53:54+00:00,"@imranMD09 I think we got over 100% but it was valued at the time of them going down.

For me there were just some stables on there so no issue.

But if you held for example $BTC which has done like a 6x from that point, you'll still only get the value it was at the time.",https://x.com/DaanCrypto/status/1891863718289408191,reply,1891862848424353872,1891863297139343402,946786239599882240,,
1891862848424353872,DaanCrypto,2025-02-18T14:50:26+00:00,"Update: Got funds.

Wasn't much left on there at the time but still nice.

Mostly happy for others to be made whole after that fiasco. We might not have gotten the relative crypto gains from that point but at least the USD value is something.",https://x.com/DaanCrypto/status/1891862848424353872,quote,1891862848424353872,,,1889363186530316561,
1891825976276816335,DaanCrypto,2025-02-18T12:23:55+00:00,"Yea that's always the general narrative but so far this cycle we've seen this many times.

BTC weak/lagging as stocks are at an all time high.

Then all of the sudden it takes back everything and more in like a 2-4 week time span.

Meanwhile, stocks rarely come down considerably in this current regime.",https://x.com/DaanCrypto/status/1891825976276816335,reply,1891820459705913469,1891821548211724304,1867090620,,
1891820459705913469,DaanCrypto,2025-02-18T12:02:00+00:00,"$BTC A few days aside, the new york session (US Market Open) has been extremely weak and has caused many of the full retraces we've seen the past few weeks.

Generally the Europe & Asia sessions try to consolidate or recover a bit until the US Session sells off again. https://t.co/derTjUdjF1",https://x.com/DaanCrypto/status/1891820459705913469,tweet,1891820459705913469,,,,
1891785523804451319,DaanCrypto,2025-02-18T09:43:11+00:00,@Timeless_Crypto Wonder if the same guy capitulated on his $50M+ long minutes prior only to market short into those passive bids lol,https://x.com/DaanCrypto/status/1891785523804451319,reply,1891784932990538198,1891784932990538198,952109977157668864,,
1891772621059944710,DaanCrypto,2025-02-18T08:51:54+00:00,"@Jimbob420s Sure, but stocks all time high.

Economy/world struggling doesn't always mean asset prices are as well",https://x.com/DaanCrypto/status/1891772621059944710,reply,1891753143618159049,1891772473504387478,1455935986236592130,,
1891772448653160778,DaanCrypto,2025-02-18T08:51:13+00:00,@Tradermayne Lmao,https://x.com/DaanCrypto/status/1891772448653160778,reply,1891640844182016016,1891640844182016016,2446024556,,
1891772275709358315,DaanCrypto,2025-02-18T08:50:32+00:00,@pG6Z5GbT_U2rvL Don't think that's the main issue. ETHE has barely seen any outflows recently and other ETFs are making up for that.,https://x.com/DaanCrypto/status/1891772275709358315,reply,1891770650814976112,1891771567790547295,106515179,,
1891771267792908518,DaanCrypto,2025-02-18T08:46:32+00:00,"@Jimbob420s For most alts yes I'd agree.

For BTC I still doubt it. Even if we go lower first, doubt we've seen the top personally",https://x.com/DaanCrypto/status/1891771267792908518,reply,1891753143618159049,1891771080823501085,1455935986236592130,,
1891770650814976112,DaanCrypto,2025-02-18T08:44:05+00:00,"$ETH There is indeed the full retrace in price & Open Interest which also lost most of the $1.5B which was added during the run up.

Like mentioned yesterday, it's going to be difficult if we see massive amounts of longs being opened on the slightest green day. It will need tremendous spot bid to sustain that price action and that's something we don't have now. That's what makes these moves so vulnerable to these full retraces we've been seeing every time.",https://x.com/DaanCrypto/status/1891770650814976112,quote,1891770650814976112,,,1891523919804498053,
1891753143618159049,DaanCrypto,2025-02-18T07:34:31+00:00,"Some thoughts about the state of the market which people seem quite concerned by:

The average market participant is so hurt that they find comfort in talking about a top and how low prices might be going.

Don't see much optimism or hope the past few weeks after all the recent scams and rug pulls which billions of capital willingly poured into only to lose it all.

The grift won't stop until people stop speculating on it. Should somewhat be self-correcting over time as results get worse. Market would be healthier afterwards.

I also think that the majority of crypto holders don't see many of the things going on inside our small bubble on this platform. The average person buys BTC and maybe some majors and doesn't look at news and especially not on Twitter/X. Things happening here are often looked at through a magnifying glass, especially if the market is not doing anything else exciting.

All we need is patience and this too shall pass.",https://x.com/DaanCrypto/status/1891753143618159049,tweet,1891753143618159049,,,,
1891585616778772662,DaanCrypto,2025-02-17T20:28:49+00:00,"$ETH Key $2.8K level test happened again.

This level has been seeing a lot of action throughout this cycle. It's also the level that stands between a high timeframe reversal after the poor showing the past couple of weeks.

Good level to watch and keep watching. https://t.co/W7326ACSnB",https://x.com/DaanCrypto/status/1891585616778772662,quote,1891585616778772662,,,1890808792994234731,
1891527464058540397,DaanCrypto,2025-02-17T16:37:44+00:00,"$BTC Price getting pretty compressed here after consolidating at the same region for the past couple of weeks.

This has been a level of volatility where we've generally seen bigger moves occur in this price region.

Triangle also nearing the end of the structure so let's see if that makes for a move soon.",https://x.com/DaanCrypto/status/1891527464058540397,tweet,1891527464058540397,,,,
1891527133467451557,DaanCrypto,2025-02-17T16:36:26+00:00,@HighStakesCap 🫡,https://x.com/DaanCrypto/status/1891527133467451557,reply,1891525779160273010,1891525779160273010,1154010518790791168,,
1891523919804498053,DaanCrypto,2025-02-17T16:23:39+00:00,"$ETH Has seen a +$1.5B Open Interest increase in just 7 hours time.

Going to be difficult for this to get any sustained move going if longs ape on leverage during illiquid holiday days every time this moves.

Still a decent spot premium but the high open interest is something that's not ideal short term.",https://x.com/DaanCrypto/status/1891523919804498053,tweet,1891523919804498053,,,,
1891503967051379090,DaanCrypto,2025-02-17T15:04:22+00:00,"One $ETH move and some excitement later and fees 50xed lol.

Time for the L2s theses to come out again. https://t.co/iHuTa7fRaV",https://x.com/DaanCrypto/status/1891503967051379090,quote,1891503967051379090,,,1891438355054817367,
1891500849119055873,DaanCrypto,2025-02-17T14:51:59+00:00,"This is going to be an interesting chart to watch for the next few weeks.

$SOL Interest peaked post $TRUMP Launch, after which a series of scams, rugs & grifts started. This happened in a weak market which caused a lot of PvP and the on chain/meme ecosystem to get destroyed. Which was primarily on SOL and what was the fuel for it's strong run up to that point.

With interest in memes seemingly fading away for the time being, there seems to be capital rotating from $SOL into $ETH for the first time in a while.

2021 all time high level at ~0.058 on SOL/ETH has been pretty influential this cycle. Let's see what happens next.",https://x.com/DaanCrypto/status/1891500849119055873,tweet,1891500849119055873,,,,
1891449312879554881,DaanCrypto,2025-02-17T11:27:12+00:00,@Beameye01 Thank you!,https://x.com/DaanCrypto/status/1891449312879554881,reply,1891442475958702406,1891445697154576807,1488296342787137536,,
1891444552818450681,DaanCrypto,2025-02-17T11:08:17+00:00,"Will have to skip the next 2 weekly uploads due to a holiday soon :)

Just so you guys know. Will still do the regular tweets here and there just won't be able to record anything.

After that, I'll be back 🫡",https://x.com/DaanCrypto/status/1891444552818450681,reply,1891442475958702406,1891442475958702406,918138253617790976,,
1891443736485200069,DaanCrypto,2025-02-17T11:05:02+00:00,@Innerdevcrypto 🫶,https://x.com/DaanCrypto/status/1891443736485200069,reply,1891442475958702406,1891443131125485888,1342161424630636544,,
1891442475958702406,DaanCrypto,2025-02-17T11:00:02+00:00,"🔔 New Video!

Discussing my view on the market and what to expect next.

If you like my content, consider subscribing and leaving a like! It helps to push it in the algorithm. 👍

🔗 https://t.co/jvu5bmR6Mh https://t.co/iorL3g21XB",https://x.com/DaanCrypto/status/1891442475958702406,tweet,1891442475958702406,,,,
1891439844766700000,DaanCrypto,2025-02-17T10:49:34+00:00,@Innerdevcrypto Gm,https://x.com/DaanCrypto/status/1891439844766700000,reply,1891373777071624479,1891373777071624479,1342161424630636544,,
1891439487541989413,DaanCrypto,2025-02-17T10:48:09+00:00,"@dave_papers Even with those fees were much higher back then.

But yea some of it is definitely on L2s.

But with fees like these, I doubt many of the L2s are necessary (which was obvious already).",https://x.com/DaanCrypto/status/1891439487541989413,reply,1891438355054817367,1891438957159673885,1249386519279828992,,
1891438355054817367,DaanCrypto,2025-02-17T10:43:39+00:00,"$ETH Mainnet swaps are ~$1 nowadays.

I've paid $200+ for this in previous cycles plenty of times. Was just the cost of doing business back then.

Part of these lower fees is the scaling upgrades ETH has done. It's not all because of lower activity/prices. But certainly a good part is.",https://x.com/DaanCrypto/status/1891438355054817367,tweet,1891438355054817367,,,,
1891430290913997203,DaanCrypto,2025-02-17T10:11:37+00:00,Maybe all that was needed is for the rest to implode on itself. https://t.co/O2U1axVhzY,https://x.com/DaanCrypto/status/1891430290913997203,tweet,1891430290913997203,,,,
1891418378071388383,DaanCrypto,2025-02-17T09:24:16+00:00,@DoopieCash Almost there!,https://x.com/DaanCrypto/status/1891418378071388383,reply,1891416625061970078,1891416625061970078,984731455942221825,,
1891417722522587277,DaanCrypto,2025-02-17T09:21:40+00:00,@zhusu Ok let’s run it back,https://x.com/DaanCrypto/status/1891417722522587277,reply,1891417594038493430,1891417594038493430,79714172,,
1891414013545771431,DaanCrypto,2025-02-17T09:06:56+00:00,@Seriously_Wen Yea that was the goal of the tweet,https://x.com/DaanCrypto/status/1891414013545771431,reply,1891397421634335149,1891398445925089747,947057987524485120,,
1891413958935883940,DaanCrypto,2025-02-17T09:06:43+00:00,@DJ_tradez Yes big IF because obviously that’s not how it went haha,https://x.com/DaanCrypto/status/1891413958935883940,reply,1891397421634335149,1891404864846000191,1852403613525536768,,
1891413724021363048,DaanCrypto,2025-02-17T09:05:47+00:00,"@awawat It’s funny how quickly we adjust to prices being the new normal. 

Works both up and down lol.",https://x.com/DaanCrypto/status/1891413724021363048,reply,1891413439945265472,1891413439945265472,1281133175658254336,,
1891397421634335149,DaanCrypto,2025-02-17T08:01:00+00:00,"$ETH ""Fun"" Fact:

If ETH were to still trade at the same ETH/BTC ratio as it did after the FTX Collapse & 2022 Bear Market Bottom, it would now be valued at $7K+.

That's if it just kept up with $BTC's pace. https://t.co/vrE25yDtjL",https://x.com/DaanCrypto/status/1891397421634335149,tweet,1891397421634335149,,,,
1891231327241798043,DaanCrypto,2025-02-16T21:01:00+00:00,"$BTC Middle of the range, middle of the volume profile.

Swept both sides. Bigger trend still up.

All you need to do is wait and the market will show its hand eventually. https://t.co/eqO5HxazMy",https://x.com/DaanCrypto/status/1891231327241798043,tweet,1891231327241798043,,,,
1891198949744078991,DaanCrypto,2025-02-16T18:52:21+00:00,@loopify @Rewkang Crazy,https://x.com/DaanCrypto/status/1891198949744078991,reply,1891148890612633900,1891148890612633900,868760548674072576,,
1891170930220580996,DaanCrypto,2025-02-16T17:01:00+00:00,"After a month of overheating post elections, the market has since cooled off and has seen the froth disappear.

This is technically a good base for the market to go from, but it will still need willing spot bidders to scoop up coins.

I do think it would take a while for the market to go from this back to overheated again as sentiment and belief is at a low point. That usually means that even if coins were to start bouncing, it will take the market a while to catch up and get back into the risk on/degenerate sentiment again.",https://x.com/DaanCrypto/status/1891170930220580996,tweet,1891170930220580996,,,,
1891100421143289913,DaanCrypto,2025-02-16T12:20:50+00:00,"@DanGeorgescu99 It's a holiday day indeed but generally futures do open up during those days.

Just not the regular markets. But that's different everytime so not 100% certain",https://x.com/DaanCrypto/status/1891100421143289913,reply,1891097422824161367,1891098132525563941,985728313,,
1891097422824161367,DaanCrypto,2025-02-16T12:08:55+00:00,"$BTC Very average weekend. The Bitcoin price did not move more than $500 from its Friday starting point.

Expecting volatility to return after the futures re-open ~11 hours from now. https://t.co/896rCMakIs",https://x.com/DaanCrypto/status/1891097422824161367,quote,1891097422824161367,,,1890733547113353291,
1891035285812654304,DaanCrypto,2025-02-16T08:02:00+00:00,"It doesn't matter which metric or chart I look at. For me personally, there is little sign that the cycle has topped.

No doubt that many alts have topped and that they will never see their all time highs again. But that's nothing new and will only get worse due to the dillution of alts.

But for $BTC, it's just 10% below its all time high and still in a big up trend. Any indicator or metric doesn't show any sign of a top to me and hasn't done so since the start of this cycle.

This is the 5th or 6th larger consolidation in this cycle so far. Besides price sitting above its 2021 all time high, I don't see why this area would be any different. Obviously some black swan or whatever can always occur but it's not realistic to base your long term thesis on random rare events.

The main reason people assume the top is in, is because their portfolio's are down due to alts underperformance.

But BTC is what determines a cycle top & bottom. Especially at its current 60% market dominance.

So to determine a top or bottom, I simply watch BTC. Alts will do their thing in between.",https://x.com/DaanCrypto/status/1891035285812654304,tweet,1891035285812654304,,,,
1890868939275849747,DaanCrypto,2025-02-15T21:01:00+00:00,"The Altcoin Market Cap relative to $BTC has seen a lot of volatility in the past few months.

On this recent flush, we saw another lower low made this cycle but this was followed up by a quick bounce so far.

To turn this trend around, this would need to break the December 2024 local highs of alts relative to BTC.

For now it's just consolidating and trending down but there does seem to be some appetite after this recent flush.",https://x.com/DaanCrypto/status/1890868939275849747,tweet,1890868939275849747,,,,
1890808792994234731,DaanCrypto,2025-02-15T17:02:00+00:00,"$ETH The levels to watch are clear.

Break the $2.8K area and hold it as support, and we can start looking towards a move to those cycle highs at ~$4K again on the higher timeframe.

For now, price is still stuck within this ~$2.2K-$2.8K range and is technically at resistance. https://t.co/OX8TLWzy8y",https://x.com/DaanCrypto/status/1890808792994234731,tweet,1890808792994234731,,,,
1890733547113353291,DaanCrypto,2025-02-15T12:03:00+00:00,"$BTC Has seen similar price action last week.

Run up Friday, sell off before the close then chop sideways during the weekend. I think there's a good chance we'll see the same this time. https://t.co/6pYPylw9FG",https://x.com/DaanCrypto/status/1890733547113353291,tweet,1890733547113353291,,,,
1890708138183000064,DaanCrypto,2025-02-15T10:22:02+00:00,"@thedefivillain Bring back Do Kwon, Sam and 3AC",https://x.com/DaanCrypto/status/1890708138183000064,reply,1890707511570739343,1890707511570739343,1522870521414787072,,
1890707537734832365,DaanCrypto,2025-02-15T10:19:39+00:00,"$LTC Somewhat following its previous cycle's movements in terms of when it has been going up & down. 

Biggest difference is the Covid Crash in 2020 which brought price down pretty low which made it so there was a lot more ground to recover afterwards.

This cycle has been more slow and steady.

But at this current point measured from the LTC halving, it is roughly at the same level at the same time.

Funnily enough, the price at the previous two halvings was also pretty much similar around $90.

Going to be interesting to see if this will follow in last cycle's footsteps. Especially with the potential LTC ETF narrative forming.

Lastly, obviously this isn't a great return for these cycles considering BTC has been doing multiples since then. Still funny to see such a relatively large asset range around for that many years.",https://x.com/DaanCrypto/status/1890707537734832365,tweet,1890707537734832365,,,,
1890688591870734419,DaanCrypto,2025-02-15T09:04:22+00:00,@CryptoCaligh Thank you Caligh! Appreciate the kind words :),https://x.com/DaanCrypto/status/1890688591870734419,reply,1890686288833249436,1890686288833249436,1129900104503062528,,
1890672897796247895,DaanCrypto,2025-02-15T08:02:00+00:00,"It takes one green candle and the sentiment turns around.

No one will be telling you to buy after prices are back up.

Just like no one tells you to sell or that a top is in until after prices are already down a ton.

Sentiment is often more volatile than the price action itself. Especially as everyone is too fixated on the low timeframe price action. People value a single daily candle too much and let it influence their entire long term investment thesis.

Zoom out, use this platform as a source of info and to learn. But don't value a single person's ideas too much. Everyone here is wrong every now and then and no one knows anything for certain. The best traders go on big losing streaks and the worst traders can be correct for a while.

If you're blindly copying anyone then you will fail to learn yourself and usually underperform as well.",https://x.com/DaanCrypto/status/1890672897796247895,tweet,1890672897796247895,,,,
1890506803424920061,DaanCrypto,2025-02-14T21:02:00+00:00,"$BTC It takes a few green candles to continue this trend and make everyone forget about the recent consolidation (again).

Stocks at all time highs. Generally BTC lags behind until it catches up + more.

Patience is all that's needed. https://t.co/3LrtwBjdME",https://x.com/DaanCrypto/status/1890506803424920061,tweet,1890506803424920061,,,,
1890446154829050329,DaanCrypto,2025-02-14T17:01:00+00:00,"$TOTAL Altcoin Market Cap looks pretty decent with these last two weekly candles.

Key to hold on to this ~$800B area and start the ascend higher.

The break above the all time high should cause a lot of renewed excitement and risk on sentiment. https://t.co/nb82mQ6ewf",https://x.com/DaanCrypto/status/1890446154829050329,tweet,1890446154829050329,,,,
1890414650371498144,DaanCrypto,2025-02-14T14:55:49+00:00,$TRUMP Horizontal levels & Ranges to watch. https://t.co/dXukaZy7Vw,https://x.com/DaanCrypto/status/1890414650371498144,tweet,1890414650371498144,,,,
1890368181505523918,DaanCrypto,2025-02-14T11:51:10+00:00,"$ETH Decent structure being created here. Clearly some demand around that $2.5K-$2.6K region during all the volatility.

The key level for continuation, and for me to say that this correction is over, would be a retake of that $2.8K level.

Flips the market structure locally and has been an important high timeframe level during this cycle.",https://x.com/DaanCrypto/status/1890368181505523918,tweet,1890368181505523918,,,,
1890366629844062512,DaanCrypto,2025-02-14T11:45:00+00:00,"$CPOOL Retesting the high timeframe horizontal support area and golden fibonacci retracement level.

Want to see this market structure shift locally. It has made a higher low but is yet to break that ~$0.37 level to make a higher high locally.

This one tends to recover quite quickly upon a market bounce so let's see how it does.",https://x.com/DaanCrypto/status/1890366629844062512,tweet,1890366629844062512,,,,
1890328241119850538,DaanCrypto,2025-02-14T09:12:27+00:00,"@LordDips I hold some cash/stocks.

Can use stables if that's more convenient for you.

Additionally BTC if you don't care about the corrections in the bear markets

That's what I'd do personally. NFA :)",https://x.com/DaanCrypto/status/1890328241119850538,reply,1890310258389930345,1890314856252792870,2276681038,,
1890327845613789381,DaanCrypto,2025-02-14T09:10:53+00:00,@LDNCryptoClub 🫡,https://x.com/DaanCrypto/status/1890327845613789381,reply,1890320665221169400,1890320665221169400,1429003598432808967,,
1890310258389930345,DaanCrypto,2025-02-14T08:01:00+00:00,"The money you have in crypto is not real until it's realized.

Any paper gains or unrealized profit is nice, but it gets taken away just as fast as you can make it.

It's hard to do but don't attach yourself to the portfolio value you once had. The reason it was at that level in the first place is because of the risk you took. The fact that it's down is part of that risk you've taken.

The market gives and it takes. There will always be more opportunities.",https://x.com/DaanCrypto/status/1890310258389930345,tweet,1890310258389930345,,,,
1890144666965758212,DaanCrypto,2025-02-13T21:03:00+00:00,"$BTC Messy range with a lot of undecisiveness.

The sentiment probably went from ""We're back"" to ""It's over"" like 20 times in this range.

No clear trend, currently in no man's land. No need to waste your energy trading this. https://t.co/ylH2GsDNH3",https://x.com/DaanCrypto/status/1890144666965758212,tweet,1890144666965758212,,,,
1890098379499401500,DaanCrypto,2025-02-13T17:59:04+00:00,@laurashin Yep,https://x.com/DaanCrypto/status/1890098379499401500,reply,1890044244750135695,1890044244750135695,26377478,,
1890083766112076080,DaanCrypto,2025-02-13T17:01:00+00:00,"$BTC Currently red for February. This would be the 3rd time in its history that it closes the month of February in the red. But of course the month is only half way and a lot can happen.

The month of March has been an interesting one in the past. It has seen very varied results from massive down to massive up months. Basically, a lot of volatility is pretty much a guarantee for March in BTC's history.",https://x.com/DaanCrypto/status/1890083766112076080,tweet,1890083766112076080,,,,
1890048928999256123,DaanCrypto,2025-02-13T14:42:34+00:00,Interesting stock market price action lol https://t.co/0dvDVBx3VV,https://x.com/DaanCrypto/status/1890048928999256123,tweet,1890048928999256123,,,,
1890008268136947925,DaanCrypto,2025-02-13T12:01:00+00:00,"$BTC Most of the liquidity below was taken on the lower timeframes.

There's a lot of untapped liquidity sitting higher after all these lower highs the past couple of weeks.

If BTC can flip this local down trend around those could act as fuel for the move higher.

<$90K is the danger zone where I think a lot of longs would get taken out, seeing it's the range low and an area where price has bounce from a couple of times already.",https://x.com/DaanCrypto/status/1890008268136947925,quote,1890008268136947925,,,1889283492712005697,
1889956883571646542,DaanCrypto,2025-02-13T08:36:49+00:00,"@abdullah_shinzo Most but not all.

And yes, the sentiment & trends is all that matters in the current market environment",https://x.com/DaanCrypto/status/1889956883571646542,reply,1889947870805237845,1889948069934014838,749280645185150976,,
1889947870805237845,DaanCrypto,2025-02-13T08:01:00+00:00,"I do think the recent decline in the market has woken people up again to the fact that 99% of coins out there are useless.

It's why I still believe that utility coins will come out on top in the long term and that we'll see capital flowing into those again at some point.

But the fact is that most of these are DeFi/ETH based and without ETH making some kind of move, the underperformance on many of these coins will likely remain.

If the market is going crazy, the dumber the coins, the better they do. But obviously your risk is higher as well which has been clear recently. The goal for these ""utility"" coins is to attract capital during the risk on phase as well. Which needs a catalyst.

The catalyst for many of these coins, which are now just governance tokens, would be the fee sharing to token holders/stakers. That would actually bring over the value these protocols are generating to their tokenholders. This has been hard the past few year due to regulations, especially for the US Based projects (which many of the top DeFi projects are).

But don't take my word for it because I've been holding some of these coins for a while with underperformance. Just sharing some thoughts as always :)",https://x.com/DaanCrypto/status/1889947870805237845,tweet,1889947870805237845,,,,
1889782027789992159,DaanCrypto,2025-02-12T21:02:00+00:00,"$BTC.D Still chilling around its cycle highs.

Alts will need some catalyst or just simply some bullish price action to turn this trend around.

There's no need to try and time the top here but it's good to keep monitoring. When BTC Dominance does tend to come down, it usually happens very quickly and often just takes a few weeks, especially this cycle.",https://x.com/DaanCrypto/status/1889782027789992159,tweet,1889782027789992159,,,,
1889721378309546168,DaanCrypto,2025-02-12T17:01:00+00:00,"$BTC's return per session is showing a clear story as well the past month.

Performance is fine, until the US Session which is when BTC has generally been selling off.

Meanwhile, ETFs have slowly been accumulating more coins during this period. Yet, the selling during these US sessions has been pretty large around the $100K price region.

EU & APAC Sessions aren't amazing but at least show some upside.",https://x.com/DaanCrypto/status/1889721378309546168,quote,1889721378309546168,,,1889589134282395809,
1889673919851831730,DaanCrypto,2025-02-12T13:52:25+00:00,@TeodorH4 @CaliTrader8 Yes sir,https://x.com/DaanCrypto/status/1889673919851831730,reply,1889672564764532929,1889673687365824661,1382665261401133057,,
1889672564764532929,DaanCrypto,2025-02-12T13:47:02+00:00,"$BTC Has been respecting its Weekly & Monthly Open levels very well recently.

These are generally good levels to mark on your charts as price does tend to react to them.

Yearly Open is also close so if price were to get there keep an eye on it. https://t.co/pMeBuAsJ2A",https://x.com/DaanCrypto/status/1889672564764532929,tweet,1889672564764532929,,,,
1889669073635516696,DaanCrypto,2025-02-12T13:33:10+00:00,@Delta1111 That's not what this would imply,https://x.com/DaanCrypto/status/1889669073635516696,reply,1889668492992909818,1889668799747461533,58302011,,
1889668492992909818,DaanCrypto,2025-02-12T13:30:51+00:00,"#CPI Coming in above estimates. Not great short term but let's see how the market reacts.

Regardless of the number, it's good to have another ""uncertainty"" out of the way in the short term.

Potential new Tariffs still something that's likely coming but at least the market has had some of these before and had time to somewhat price that in.

Still a headline driven market during this uncertainty.",https://x.com/DaanCrypto/status/1889668492992909818,quote,1889668492992909818,,,1889653180860157981,
1889653180860157981,DaanCrypto,2025-02-12T12:30:01+00:00,"In 1 hour we'll get the new CPI print. 🔔

With some uncertainty and a lot of headlines impacting the markets, there has been more attention for these inflation numbers recently. Especially considering the inflation expectations have shot up after Trump took office.

As always, a lower than expected number should be welcomed by the markets and should see $DXY and yields come down, which is more supportive of risk assets.

Vice versa if the number were to come out higher than expected.

Powell talks 1.5 hours afterwards so he might give some additional insights on how the Fed sees its monetary policy going forward and how they interpret the data.",https://x.com/DaanCrypto/status/1889653180860157981,tweet,1889653180860157981,,,,
1889621450883047796,DaanCrypto,2025-02-12T10:23:56+00:00,"@0xSarpha I held RLB in the past but the price action was just plain weird to me. Didn't go up despite the many burns and all.

Decided to cut that position somewhere last year because of that.",https://x.com/DaanCrypto/status/1889621450883047796,reply,1889619886189461736,1889621029745479685,1294200667259707392,,
1889620832743276827,DaanCrypto,2025-02-12T10:21:28+00:00,"@SharkDracul Ty sir, I barely hold any <100M Market cap coins and don't really participate much in the on chain stuff.

Feels like a good way to have some exposure",https://x.com/DaanCrypto/status/1889620832743276827,reply,1889619886189461736,1889620567910674682,1885317074542571520,,
1889619886189461736,DaanCrypto,2025-02-12T10:17:42+00:00,"$BANANA Finally decided it was the time to allocate some more into BANANA the past few days. Already had a small bag from the $30s but felt like this was a good place to add.

If tokens were valued the same way people valued stocks, BANANA would be an absolute steal. We know that's not the reality yet but I still think one day we'll move into that direction.

In terms of the chart, it's definitely in a big down trend. I'm watching this deviation below the range low closely. If it can retake $29+ and hold there, I think there's a good case to be made for this to have bottomed and start trending back up over time.

Even if it doesn't move at all, the 50%+ APY you're getting from simply holding your tokens in your wallet are still nice to have.",https://x.com/DaanCrypto/status/1889619886189461736,tweet,1889619886189461736,,,,
1889614375708692924,DaanCrypto,2025-02-12T09:55:49+00:00,@redhairshanks86 Loool,https://x.com/DaanCrypto/status/1889614375708692924,reply,1889604270661505225,1889604270661505225,1626936931266310145,,
1889589134282395809,DaanCrypto,2025-02-12T08:15:31+00:00,"$BTC Pretty interesting difference in average return by day during the past year.

Tuesday is by far the worst day in the week.

Monday, Wednesday and Friday are generally where the gains are made.

Thursday, Saturday and Sunday are relatively flat. https://t.co/fjklWM5Pk6",https://x.com/DaanCrypto/status/1889589134282395809,tweet,1889589134282395809,,,,
1889419639857271067,DaanCrypto,2025-02-11T21:02:00+00:00,"Altcoin Market Dominance has been on the decline since the start of 2024. It tested its June 2023 lows and the lowest point in 4 years.

What we saw last cycle was similar, although the decline was quicker and more severe.

The big move up in altcoin dominance didn't happen until 2021 which was the post-halving year. Similar to 2025. By then, BTC had traded up about 50-100% from its previous all time high and continued to head higher from there.

Different years, different circumstances. Still interesting to see if this will roughly follow the same pattern as last cycle. So far it's remotely the same but especially the last year we've seen altcoins perform worse compared to the previous cycle.",https://x.com/DaanCrypto/status/1889419639857271067,tweet,1889419639857271067,,,,
1889370318848008372,DaanCrypto,2025-02-11T17:46:01+00:00,@margaestk Thanks!,https://x.com/DaanCrypto/status/1889370318848008372,reply,1889363186530316561,1889369128676233672,1552311418480955393,,
1889370256155590840,DaanCrypto,2025-02-11T17:45:46+00:00,"@AltcoinSniperTA Haha will probably buy some spot.

Wasn’t much in there left for me anyways.",https://x.com/DaanCrypto/status/1889370256155590840,reply,1889363186530316561,1889366132575936818,1379020752666685442,,
1889363186530316561,DaanCrypto,2025-02-11T17:17:40+00:00,"Kraken just notified me that my FTX funds have been succesfully distributed to them and that I can expect them by next week.

Some stimulus coming.",https://x.com/DaanCrypto/status/1889363186530316561,tweet,1889363186530316561,,,,
1889354390399865272,DaanCrypto,2025-02-11T16:42:43+00:00,"$BTC Consolidating nicely above its bull market support band.

This, combined with other ""top indicators"" are things I look at to determine whether I think a top on Bitcoin could be in or not.

So far, I don't see a reason why a top should be in for Bitcoin.

Trend remains up and the fact that people's portfolio's are down a lot because altcoins have performed bad doesn't mean that BTC is topped. If anything, it's the opposite. As BTC (and the cycle) tend to top when altcoins go insane for a while.",https://x.com/DaanCrypto/status/1889354390399865272,tweet,1889354390399865272,,,,
1889296483838509314,DaanCrypto,2025-02-11T12:52:37+00:00,"@1e8sats It's mainly just an estimate based on what size of positions opened up where.

You'll never know for certain how much and where as people can close prematurely and/or have stops in place (which happens a lot obviously).",https://x.com/DaanCrypto/status/1889296483838509314,reply,1889295637696368813,1889295637696368813,1671249783695048706,,
1889291433560969305,DaanCrypto,2025-02-11T12:32:33+00:00,"@outpxce Just need whatever EU Tariff announcement we'll get and the CPI print to be somewhat okay and behind us for sidelined capital to start pushing us higher I guess.

R/R pretty good I agree",https://x.com/DaanCrypto/status/1889291433560969305,tweet,1889288331000684581,,,,
1889283492712005697,DaanCrypto,2025-02-11T12:01:00+00:00,"$BTC Large liquidity cluster near the all time high and some running up to that point.

Below is pretty empty until ~$89K where we see some liquidity clusters sitting.

Price has just been taking out these levels one by one while it's ranging. https://t.co/6aDpTLc2W3",https://x.com/DaanCrypto/status/1889283492712005697,tweet,1889283492712005697,,,,
1889245134639763966,DaanCrypto,2025-02-11T09:28:35+00:00,@0xaya1 @game_for_one Somewhere in between would be nice I think lol,https://x.com/DaanCrypto/status/1889245134639763966,reply,1889235883573866863,1889244196734927028,1733279467114782720,,
1889237342692561264,DaanCrypto,2025-02-11T08:57:37+00:00,"@game_for_one It's so sad that this bottle cap thing is the main ""innovative"" thing the EU has worried about while pushing away everything else with over regulation lmao",https://x.com/DaanCrypto/status/1889237342692561264,reply,1889235883573866863,1889235883573866863,1424275360250748928,,
1889215416183980346,DaanCrypto,2025-02-11T07:30:29+00:00,"$BTC & $ETH Consolidating but attempting a breakout on the lower timeframes.

Key levels to break are the highs from the initial bounce last week. That would flip the market structure back around.

ETH yet to break this channel/flag. https://t.co/dCsw5AdWYl",https://x.com/DaanCrypto/status/1889215416183980346,tweet,1889215416183980346,,,,
1889055597154521439,DaanCrypto,2025-02-10T20:55:25+00:00,"$BTC Range unchanged.

BTC chopping sideways as alts have been losing ground. Risk on sentiment returns when BTC goes back into price discovery.

Sweeping liquidity lower would be fine for BTC as long as we see a strong buyback.

Pretty neutral here short term. High timeframe still bullish on BTC.",https://x.com/DaanCrypto/status/1889055597154521439,tweet,1889055597154521439,,,,
1888997105911660817,DaanCrypto,2025-02-10T17:03:00+00:00,"$BTC Usually sees its best performance in its post halving year (2013, 2017, 2021 & 2025?).

As you can see when sorting for performance per week, these years don't always start off great.

2017 which turned out to be one of the better years in recent times, was down by quite a bit initially.

The moral of the story here is that people tend to value short term price action too much in their long term expectations. 

Seeing to many multi-year long trading ideas be based of the color of the last weekly candle. Zooming out and going with the trend is usually your best bet.

Even if you expect a certain year or quarter to be good, if it doesn't go that way in the first day, should not influence that idea much.",https://x.com/DaanCrypto/status/1888997105911660817,quote,1888997105911660817,,,1886747029381996580,
1888992077247107296,DaanCrypto,2025-02-10T16:43:01+00:00,"$BTC Interesting set of daily candles we've had the past few days.

Wicks above and below, but closed near $96.5K for 4 days in a row.

These candles show a lot of indecisiveness by the market. Also influenced by all the recent headlines we've been seeing. https://t.co/feg91xNNMY",https://x.com/DaanCrypto/status/1888992077247107296,tweet,1888992077247107296,,,,
1888988905933787359,DaanCrypto,2025-02-10T16:30:25+00:00,@Dentoshi @krakenfx That looks delicious,https://x.com/DaanCrypto/status/1888988905933787359,reply,1888970549529100423,1888970549529100423,1019932961632866305,,
1888987135178326448,DaanCrypto,2025-02-10T16:23:23+00:00,"$STX Re-tested its consolidation before the massive run up last year.

Currently watching this range being formed between $0.75-$1.3

STX is at a nice place considering what the market is warming up to recently. The ""Made in USA"" theme is something I'm seeing more and more. https://t.co/ytxfNz8VJP",https://x.com/DaanCrypto/status/1888987135178326448,quote,1888987135178326448,,,1882082962805797074,
1888931009418150071,DaanCrypto,2025-02-10T12:40:21+00:00,@CryptoJelleNL I'll try,https://x.com/DaanCrypto/status/1888931009418150071,reply,1888904472874651846,1888906541983559892,787634466,,
1888915308871651339,DaanCrypto,2025-02-10T11:37:58+00:00,@boldleonidas gm,https://x.com/DaanCrypto/status/1888915308871651339,reply,1888909849234485302,1888909849234485302,1432635656161746947,,
1888913543723983224,DaanCrypto,2025-02-10T11:30:57+00:00,@1Ninjacrypt 🫶,https://x.com/DaanCrypto/status/1888913543723983224,reply,1888905759674781996,1888913393089917236,1884272960749592578,,
1888906261535571979,DaanCrypto,2025-02-10T11:02:01+00:00,@CryptoJelleNL Nicely visualized 👍,https://x.com/DaanCrypto/status/1888906261535571979,reply,1888904472874651846,1888904472874651846,787634466,,
1888905759674781996,DaanCrypto,2025-02-10T11:00:01+00:00,"🔔 New Video!

Discussing the state of the market, whether the bottom (or top) is in and what to look out for next in terms of market structure.

If you like my content, consider subscribing and leaving a like! It helps to push it in the algorithm. 👍

🔗 https://t.co/e7D1oGOKiz https://t.co/u7zSzmeEYl",https://x.com/DaanCrypto/status/1888905759674781996,tweet,1888905759674781996,,,,
1888860706285539432,DaanCrypto,2025-02-10T08:01:00+00:00,"If you take your trading & investing seriously, I can recommend journalling and also tracking your long term spot holdings.

Doing so will make you more aware of what you're doing and the things you're doing well and what you need to work on.

It also gives you the ability to look back on your previous actions in hindsight when emotions aren't as high as they migh be post a big win/loss.",https://x.com/DaanCrypto/status/1888860706285539432,tweet,1888860706285539432,,,,
1888689235227496932,DaanCrypto,2025-02-09T20:39:38+00:00,"Bitcoin vs Altcoin Performance This Cycle 👇

When dividing $BTC by the Total Altcoin Market Cap we get a good idea of the relative performance of BTC & Alts.

What we generally see during past cycles is a big move up by $BTC which then outperforms alts, relatively speaking. After which BTC stalls and money flows into alts which causes the alt seasons we've seen.

Obviously both of these things didn't properly happen so far this cycle. BTC did go up but it was more of a slow and steady pace compared to previous cycles.

And due to the sheer amount of alts created, there's a lot of dilution which has made it hard for alts to properly run aside some specific sectors which had some decent moves. I also think the Solana Casino is very value extracting from the entire market. Maybe enough pain there will eventually make people move back into BTC and Majors which would make for a stronger and more healthy market. We'll see.

All in all, this cycle is completely different to previous ones as is the case every cycle.

It does usually rhyme, but it's never a complete copy. BTC remains the most ""predictable"" in terms of its cycles.",https://x.com/DaanCrypto/status/1888689235227496932,tweet,1888689235227496932,,,,
1888634215534616905,DaanCrypto,2025-02-09T17:01:00+00:00,"$ETH Has traded back down to 2016-2020 levels relative to $BTC.

I think the time to get excited again is when this retakes 0.036 at the very minimum.

For me, ETH is still the most logical place for real & serious applications like RWA, DeFi etc. It's obviously less fit for other uses like a meme coin casino.

With that, L2s are value extracting from this which is another issue.

Regardless, chart tapped an interesting level, would not be surprised to see this sit between 0.023-0.036 for quite a while.",https://x.com/DaanCrypto/status/1888634215534616905,tweet,1888634215534616905,,,,
1888551678418337869,DaanCrypto,2025-02-09T11:33:02+00:00,"$BTC Not much action this weekend which was to be expected.

We're going to have another interesting week with new tariffs being announced. Meanwhile BTC is sitting in the middle of the range while alts are in the gutter.

Stay vigilant. https://t.co/OfPCuxo1XQ",https://x.com/DaanCrypto/status/1888551678418337869,quote,1888551678418337869,,,1888137295263404068,
1888512116061020445,DaanCrypto,2025-02-09T08:55:49+00:00,@i_am_jackis I think like 5-10 at best,https://x.com/DaanCrypto/status/1888512116061020445,reply,1888498318810177814,1888508684935868754,938723248774270977,,
1888498318810177814,DaanCrypto,2025-02-09T08:01:00+00:00,"The Coinbase AppStore rank has already fallen back to #174.

This shows there's very little ""new money"" and retail participants joining. This is quick to shoot up whenever BTC trades above $100K+ and alts are doing well.

But obviously that's not the case here which adds on the bad sentiment there already is.

This is mostly a lagging ""indicator"" but still valuable to watch in case it were to skyrocket to a high position again. Because generally the market is getting pretty frothy/locally toppish when this hits the top 10.",https://x.com/DaanCrypto/status/1888498318810177814,tweet,1888498318810177814,,,,
1888332476038431098,DaanCrypto,2025-02-08T21:02:00+00:00,"$BTC Has usually set its high or low of the month within the first week of the month during the second half of last year.

December and January were both quite choppy and didn't see much of a trend either way.

The current monthly low was set on the 3rd of February but there's no strong continuation up yet.

For now I'd say the trend of last year, where price shakes out people in the first week only to trend the other way afterwards, appears to be over. Yet, I'll keep monitoring this for you guys in case there's some interesting data.

Fact is, $BTC is just chopping sideways with no clear direction, hence not much to note here.",https://x.com/DaanCrypto/status/1888332476038431098,tweet,1888332476038431098,,,,
1888291260017913891,DaanCrypto,2025-02-08T18:18:13+00:00,@intern Truly Nostalgic,https://x.com/DaanCrypto/status/1888291260017913891,reply,1888233957537239538,1888233957537239538,1354120919460040711,,
1888275390566629494,DaanCrypto,2025-02-08T17:15:10+00:00,@awawat @ciaobelindazhou +1,https://x.com/DaanCrypto/status/1888275390566629494,reply,1888262942984175862,1888273903816196262,1281133175658254336,,
1888275313609654710,DaanCrypto,2025-02-08T17:14:51+00:00,@nillion Gnillion,https://x.com/DaanCrypto/status/1888275313609654710,reply,1888180984753135683,1888180984753135683,1372220528518397955,,
1888272078744559626,DaanCrypto,2025-02-08T17:02:00+00:00,"$ETH Respecting the $2.8K level yet again and failed to push through on the first test back up there.

Currently kind of in no man's land and it will be key to figure out where a higher low is created.

From there on out some range might be formed from which we can reassess next. And no, I don't think it will hang around there for weeks, drawing is just for reference :)

Not a trading market for me right now.",https://x.com/DaanCrypto/status/1888272078744559626,quote,1888272078744559626,,,1887245061227970747,
1888196580634980752,DaanCrypto,2025-02-08T12:02:00+00:00,"$BTC Has sold off during almost every New York Trading Session for the past week.

You generally want to see a strong NY Session as it's when the ETFs trade and when most volume is generally traded.

It's the trading session that often makes the trend. https://t.co/94ppajesXw",https://x.com/DaanCrypto/status/1888196580634980752,tweet,1888196580634980752,,,,
1888141944888365423,DaanCrypto,2025-02-08T08:24:54+00:00,"There’s so many things BTC reacts to which it “shouldn’t”.

It’s correlated to TradFi markets whether we want it or not. Still treated as a risk asset.

E.g. If Apple misses earnings big time and takes the entire stock market down with it, BTC will be trading lower even though it doesn’t influence BTC.",https://x.com/DaanCrypto/status/1888141944888365423,reply,1888137295263404068,1888139814861410687,765335894,,
1888138566582079781,DaanCrypto,2025-02-08T08:11:28+00:00,"@Farrell1805 Well, we don't know what the tariffs will be and on which countries.

So can't properly price it in. Could have been an overreaction already or could not have been.

Generally I do think tariff dips should be pretty short though (at least in stocks).",https://x.com/DaanCrypto/status/1888138566582079781,reply,1888137295263404068,1888137629712957500,1354847147376726016,,
1888137295263404068,DaanCrypto,2025-02-08T08:06:25+00:00,"$BTC The past two weeks we've opened up with a CME gap above after the dumps from Deepseek and the Tariffs. Both of these got closed within days.

Unless we get another important headline during the weekend, I'm assuming not much should be happening this weekend.

The market will be awaiting the new tariffs announced by Trump next week which caused the fall yesterday.",https://x.com/DaanCrypto/status/1888137295263404068,tweet,1888137295263404068,,,,
1887969836539510799,DaanCrypto,2025-02-07T21:01:00+00:00,"$BTC Has made lower highs every cycle within the Rainbow Price Chart.

This makes sense as the market is becoming bigger and it will take more money to move price. Which makes the percentage gains from previous cycles something which isn't achievable anymore.

It has been hanging around this greenish region for the past year or so.

Wonder where it tops this time around :)",https://x.com/DaanCrypto/status/1887969836539510799,tweet,1887969836539510799,,,,
1887933172861780438,DaanCrypto,2025-02-07T18:35:19+00:00,@qthomp Oof.,https://x.com/DaanCrypto/status/1887933172861780438,reply,1887932899900670091,1887932899900670091,1071942464888598531,,
1887909438486712724,DaanCrypto,2025-02-07T17:01:00+00:00,"The $TOTAL Altcoin Market Cap has swept the 2024 highs and bounced back into the current range quickly.

Still yet to breach its 2021 all time high properly. 

And remains rangebound for the time being. https://t.co/hO4f26bW2l",https://x.com/DaanCrypto/status/1887909438486712724,tweet,1887909438486712724,,,,
1887866435176743095,DaanCrypto,2025-02-07T14:10:07+00:00,@ReetikaTrades Max pain for many would be for people to hold their underperforming alts for months/years only to sell them at the next best bounce after which they rally multiples.,https://x.com/DaanCrypto/status/1887866435176743095,reply,1887861783156719669,1887861783156719669,3405743353,,
1887863301951930729,DaanCrypto,2025-02-07T13:57:40+00:00,@NL_JRC The learning never stops,https://x.com/DaanCrypto/status/1887863301951930729,reply,1887862465070846153,1887862889031090215,1863516831048212480,,
1887862465070846153,DaanCrypto,2025-02-07T13:54:21+00:00,"That's $BTC Breaking out now.

Higher low made, now needs to break that local high at ~$102K to leave this area behind.

That's what the bulls should try to accomplish to flip the market structure back to bullish on this timeframe. https://t.co/k3fVL2D9kK",https://x.com/DaanCrypto/status/1887862465070846153,quote,1887862465070846153,,,1887779825118511526,
1887860739466998222,DaanCrypto,2025-02-07T13:47:29+00:00,@Gold_Cryptoz 🤝,https://x.com/DaanCrypto/status/1887860739466998222,reply,1887859564504391701,1887859564504391701,1294013685451563008,,
1887860290454266342,DaanCrypto,2025-02-07T13:45:42+00:00,"$BTC Small move relatively speaking. But fun to see this pattern still work out surrounding new releases like CPI & NFP like just now.

Initial reaction tends to be the ""correct"" one. But price tends to take out the origin of that candle to shake out the longs (or shorts) that entered on the data.

Then it proceeds to trend the initial direction afterwards anyways.

Good template to watch if you are scalping these kind of data releases.",https://x.com/DaanCrypto/status/1887860290454266342,quote,1887860290454266342,,,1679042538445893634,
1887859523496341680,DaanCrypto,2025-02-07T13:42:39+00:00,@ClearpoolFin @ChintaiNexus 🌊🌊🌊,https://x.com/DaanCrypto/status/1887859523496341680,reply,1887531888119849169,1887531888119849169,1433318597271572488,,
1887844492163645669,DaanCrypto,2025-02-07T12:42:56+00:00,@thedefivillain Quite the month,https://x.com/DaanCrypto/status/1887844492163645669,reply,1887833801646051602,1887833801646051602,1522870521414787072,,
1887839929696211035,DaanCrypto,2025-02-07T12:24:48+00:00,@JKronbichler @OndoFinance @onchainpanini @Hex_Trust 👏,https://x.com/DaanCrypto/status/1887839929696211035,reply,1887832350421082259,1887832350421082259,1357458978616188932,,
1887833941110845876,DaanCrypto,2025-02-07T12:01:00+00:00,"$SOL Still hanging around above the diagonal trend line and Daily 200MA/EMA.

Looks decent as long as this area is being held. Not a fan of the two sweeps of the 2021 all time high but I think it would get back there pretty quickly if the market finds some momentum again. https://t.co/35oSpcMSDW",https://x.com/DaanCrypto/status/1887833941110845876,tweet,1887833941110845876,,,,
1887784489289486687,DaanCrypto,2025-02-07T08:44:30+00:00,@CryptoJelleNL Cycle top calls also went up by at least a 2x multiple if not much more,https://x.com/DaanCrypto/status/1887784489289486687,reply,1887783122856444324,1887783122856444324,787634466,,
1887779825118511526,DaanCrypto,2025-02-07T08:25:58+00:00,"Consolidations everywhere.

$BTC, $ETH and most alts looking similar. Trying to make a higher low after the flush from this weekend.

No breakout yet, so don't get chopped up. https://t.co/hWfFBb3WgX",https://x.com/DaanCrypto/status/1887779825118511526,tweet,1887779825118511526,,,,
1887608455747305686,DaanCrypto,2025-02-06T21:05:00+00:00,"$BTC Trading at the high volume node within the range. Pretty much in the middle.

It has now been about 2.5 months since Bitcoin has entered this ~$100K price region.

This is about the 5th or 6th longer consolidation this cycle.

The high timeframe trend is still up. As long as that sustains I don't like betting on this one ending any different than any of the previous ones, which all ended up in a leg higher.

Especially not when the market shows no signs of extreme froth just yet.

As long as we trade above ~$85K the higher timeframe structure still looks good to me.",https://x.com/DaanCrypto/status/1887608455747305686,tweet,1887608455747305686,,,,
1887545557356274078,DaanCrypto,2025-02-06T16:55:04+00:00,"The $TOTAL Crypto Market Cap has retested its 2021 all time high and turned this weekly candle into a pretty interesting one.

It's a key level to hold going forward but is showing plenty of demand for the time being.

The local highs (red zone) at ~$3.7T are what's in the way of further expansion higher.",https://x.com/DaanCrypto/status/1887545557356274078,tweet,1887545557356274078,,,,
1887498576084824465,DaanCrypto,2025-02-06T13:48:23+00:00,"$LTC Funnily enough, LTC is one of the better looking high timeframe charts.

Had a massive sweep like the rest of the market, took out all the local lows in doing so.

Retook the Weekly 200MA/EMA and ~$105 horizontal area.

For this to truly make a larger move it needs to break and hold above $140.

Some tailwinds are a potential ETF, no massive unlocks and generally this does tend to run when $BTC goes crazy. Yet to be seen if that happens again obviously.

I'd suggest playing this level by level and watch the high timeframe candle closes.",https://x.com/DaanCrypto/status/1887498576084824465,tweet,1887498576084824465,,,,
1887493413013979610,DaanCrypto,2025-02-06T13:27:52+00:00,"@chris_tcph Much appreciated, thank you Christopher!",https://x.com/DaanCrypto/status/1887493413013979610,reply,1887448658410676547,1887490550858711275,1643237166582054914,,
1887484242688389469,DaanCrypto,2025-02-06T12:51:25+00:00,@LordDips It's a custom script from @ByzGeneral,https://x.com/DaanCrypto/status/1887484242688389469,reply,1887480570109669796,1887480849148375257,2276681038,,
1887484165228056998,DaanCrypto,2025-02-06T12:51:07+00:00,@NachoTrades Thank you Nacho! Likewise 🤝,https://x.com/DaanCrypto/status/1887484165228056998,reply,1887448658410676547,1887483951444287595,25071910,,
1887480671188242484,DaanCrypto,2025-02-06T12:37:14+00:00,@alphawifhat Thank you Nachi!,https://x.com/DaanCrypto/status/1887480671188242484,reply,1887448658410676547,1887460374368428411,1766051901823655936,,
1887480570109669796,DaanCrypto,2025-02-06T12:36:50+00:00,"$BTC Trading at a pretty solid spot premium showing there's plenty of spot demand around these levels which have made it so Bitcoin has held strong during all the recent turbulence.

With Spot ETFs and Institutions like Strategy (MicroStrategy) accumulating coins at a rapid pace, there's a constant changing of hands going on. I think this should eventually lead to supply drying up around this region and a move higher.",https://x.com/DaanCrypto/status/1887480570109669796,tweet,1887480570109669796,,,,
1887458169833857104,DaanCrypto,2025-02-06T11:07:49+00:00,@miroslav_belica 🫶,https://x.com/DaanCrypto/status/1887458169833857104,reply,1887448658410676547,1887450836986409017,1355471883949510657,,
1887457914149097531,DaanCrypto,2025-02-06T11:06:48+00:00,"@scottmelker Loool.

I'm sure some feel pretty hungover after the recent price action 😂",https://x.com/DaanCrypto/status/1887457914149097531,reply,1887448658410676547,1887453025351918029,17351167,,
1887457686775562286,DaanCrypto,2025-02-06T11:05:54+00:00,@JoyceanNoia 🫶,https://x.com/DaanCrypto/status/1887457686775562286,reply,1887448658410676547,1887455891672473863,1454931722315911169,,
1887457652063805602,DaanCrypto,2025-02-06T11:05:46+00:00,@AcertivoO loool,https://x.com/DaanCrypto/status/1887457652063805602,reply,1887448658410676547,1887455901256126673,1268257624597856261,,
1887457609713918129,DaanCrypto,2025-02-06T11:05:36+00:00,@CryptosBatman Thank you Batman!,https://x.com/DaanCrypto/status/1887457609713918129,reply,1887448658410676547,1887456484596064572,918957305571528705,,
1887457581112901991,DaanCrypto,2025-02-06T11:05:29+00:00,@chanidu_peiris Thanks for being here!,https://x.com/DaanCrypto/status/1887457581112901991,reply,1887448658410676547,1887456857330962553,1424017051060891651,,
1887457516138713226,DaanCrypto,2025-02-06T11:05:13+00:00,@DjBochaOfficial 🤝,https://x.com/DaanCrypto/status/1887457516138713226,reply,1887448658410676547,1887457319027679383,146265931,,
1887457482374574591,DaanCrypto,2025-02-06T11:05:05+00:00,@cryptocevo Thanks Cevo!,https://x.com/DaanCrypto/status/1887457482374574591,reply,1887448658410676547,1887457385813598238,1962290894,,
1887450319094706188,DaanCrypto,2025-02-06T10:36:37+00:00,@thedefivillain Feels like it,https://x.com/DaanCrypto/status/1887450319094706188,reply,1887442738066448585,1887442738066448585,1522870521414787072,,
1887450056095133919,DaanCrypto,2025-02-06T10:35:35+00:00,"@smw000001 @CryptoJelleNL Hopefully, one day :)",https://x.com/DaanCrypto/status/1887450056095133919,reply,1887448658410676547,1887449998444634561,1016949595,,
1887449880278323414,DaanCrypto,2025-02-06T10:34:53+00:00,@CryptoJelleNL ❤️,https://x.com/DaanCrypto/status/1887449880278323414,reply,1887448658410676547,1887449033460830703,787634466,,
1887449865493336183,DaanCrypto,2025-02-06T10:34:49+00:00,"@smw000001 @CryptoJelleNL Is it?

I just went with some reddit post which said it was around 400K in the picture.

Regardless, a ton of people haha",https://x.com/DaanCrypto/status/1887449865493336183,reply,1887448658410676547,1887449504263381063,1016949595,,
1887449698606207254,DaanCrypto,2025-02-06T10:34:09+00:00,"@The_RmG__ 🫶

Thanks for being here for all that time",https://x.com/DaanCrypto/status/1887449698606207254,reply,1887448658410676547,1887449230618280092,1477172880,,
1887449617773531163,DaanCrypto,2025-02-06T10:33:50+00:00,"@lurk0x Nothing for now :)

Maybe by 500K I'll think of something fun to do irl haha",https://x.com/DaanCrypto/status/1887449617773531163,reply,1887448658410676547,1887449359014559827,1522447153422995456,,
1887449369944690792,DaanCrypto,2025-02-06T10:32:51+00:00,"@redpillpillred1 I still hold some of that, similar story as many alts.

Just need the overall altcoin momentum to go for these to move. You want ETH to lead for that",https://x.com/DaanCrypto/status/1887449369944690792,reply,1887445674645475588,1887445845554991266,1771310268754108416,,
1887449159977857149,DaanCrypto,2025-02-06T10:32:01+00:00,@tree_of_pausa I find that one hard to chart these days as it's basically an extremely strong trend up only. Good if you're holding but hard to trade imo,https://x.com/DaanCrypto/status/1887449159977857149,reply,1887447735541830112,1887447990622953641,704361717589880832,,
1887449056378486803,DaanCrypto,2025-02-06T10:31:36+00:00,@the11303100 Will put that on the list. Think it's interesting,https://x.com/DaanCrypto/status/1887449056378486803,reply,1887447735541830112,1887448115755544852,1362126235451678720,,
1887448658410676547,DaanCrypto,2025-02-06T10:30:01+00:00,"It feels like ages since I've done one of these, but recently we've hit the big 400K Follower milestone.

I appreciate all of you being here, reading, liking and engaging with my tweets all these years.

It's been a long journey and a crazy ride so far.

Below is Woodstock 1969 which visualizes ~400K people. Pretty insane.

Thanks ❤️🫶",https://x.com/DaanCrypto/status/1887448658410676547,tweet,1887448658410676547,,,,
1887447735541830112,DaanCrypto,2025-02-06T10:26:21+00:00,"$APT Has pretty much just moved between these two horizontal price levels since its inception.

Didn't quite sweep the August lows on this recent dump but held on to that same ~$5 area again. https://t.co/xUlXyeV38j",https://x.com/DaanCrypto/status/1887447735541830112,tweet,1887447735541830112,,,,
1887446892449047022,DaanCrypto,2025-02-06T10:23:00+00:00,"$NEAR High timeframe still looks fine as this performed well last year.

Mid timeframe its still stuck in this ~$3-$8 massive range.

Did take out all the liquidity below so eyes on this area to see if it can make a move. https://t.co/7x5pY5mQ5z",https://x.com/DaanCrypto/status/1887446892449047022,tweet,1887446892449047022,,,,
1887446360800051328,DaanCrypto,2025-02-06T10:20:54+00:00,"$SEI Massive sweep below the August lows. Did respect the bottom trend line so far.

Needs to flip the market structure around. I'd be very interested to see if this can crawl its way back up to the top trend line at some point. But needs a more risk on environment. https://t.co/KWwYs3E4z7",https://x.com/DaanCrypto/status/1887446360800051328,tweet,1887446360800051328,,,,
1887445674645475588,DaanCrypto,2025-02-06T10:18:10+00:00,"$ROSE Another one of those coins which tapped its bear market lows.

Good bounce so far after sweeping a lot of liquidity but need to see a market structure shift here on the lower timeframes.

One upside of a sharp decline is that the road back up is generally easier as well. Need a more risk on environment for alts though.",https://x.com/DaanCrypto/status/1887445674645475588,tweet,1887445674645475588,,,,
1887444804868387216,DaanCrypto,2025-02-06T10:14:43+00:00,"$TAI Came down to retest the Daily 200MA/EMA and bounced nicely so far.

Important level to hold going forward.

Many coins are trading back at or below their November lows so this one is still relatively strong with this higher low on the high timeframe. https://t.co/YDxb0FR5ad",https://x.com/DaanCrypto/status/1887444804868387216,tweet,1887444804868387216,,,,
1887443649182441914,DaanCrypto,2025-02-06T10:10:07+00:00,"$FOXY Is launching its PFP collection.

The $LINEA TGE & Airdrop is around the corner as well so who knows what that might mean for the PFPs.

I'll mint a few just to have some additional exposure to the ecosystem. Mint price seems fair :)",https://x.com/DaanCrypto/status/1887443649182441914,quote,1887443649182441914,,,1887194893229187488,
1887415643739168898,DaanCrypto,2025-02-06T08:18:50+00:00,@cryptotree21 🤝,https://x.com/DaanCrypto/status/1887415643739168898,reply,1887411155586720233,1887412055210402190,1264085096874651649,,
1887411155586720233,DaanCrypto,2025-02-06T08:01:00+00:00,"Making friends & connections with people that are active in the crypto sector can be very beneficial.

There's no chance you will be able to digest all the news, information & charts on your own.

Having a few tight groups with like-minded people that trade or invest the same way you do can help filter out a lot of noise.

But there's a fine line between listening and blatantly copying what others are doing. Always stick to your own gut as that's also the way you will learn the most in the long run.

If you don't know where to find new people to connect with, I suggest joining communities through projects or biggers accounts that might have set up Telegram channels or Discords. You'll find your people eventually.",https://x.com/DaanCrypto/status/1887411155586720233,tweet,1887411155586720233,,,,
1887245061227970747,DaanCrypto,2025-02-05T21:01:00+00:00,"$ETH Even during all the madness, it still respected the ~$2.1K horizontal area well.

It has been evident that both $2.1K and $2.8K have been pretty key in Ethereum's price action this year. Price has been respecting these well.

This makes the $2.8K area which it is trading against now a key level for a further bounce. The quicker it trades above, the better for the higher timeframe picture.",https://x.com/DaanCrypto/status/1887245061227970747,tweet,1887245061227970747,,,,
1887184663036227853,DaanCrypto,2025-02-05T17:01:00+00:00,"$BTC Volatility has been relatively low the past couple of weeks.

Especially looking at the start of 2024 when price first visited the ~$70K price region.

Since then, we've seen volatility slowly dwindle down as price has been creeping higher this cycle. https://t.co/26z7ydpyjd",https://x.com/DaanCrypto/status/1887184663036227853,tweet,1887184663036227853,,,,
1887183164126248978,DaanCrypto,2025-02-05T16:55:03+00:00,@trading__horse Probably a smart move seeing the price action recently.,https://x.com/DaanCrypto/status/1887183164126248978,reply,1887182556891693292,1887182556891693292,1230145716753842176,,
1887163699296686445,DaanCrypto,2025-02-05T15:37:42+00:00,@AviFelman My timeline is filled with 70-80K calls yet again. Seems like a daily thing nowadays,https://x.com/DaanCrypto/status/1887163699296686445,reply,1887161994702115030,1887161994702115030,3364497995,,
1887132337663565883,DaanCrypto,2025-02-05T13:33:05+00:00,"@anunnacapital There's also gaps at 3K, 9K etc.

They don't matter if price is trading miles away from it.

They can be good to watch if we're in somewhat of a close proximity <10% and ideally <2%",https://x.com/DaanCrypto/status/1887132337663565883,tweet,1887125399445860558,,,,
1887130589662204303,DaanCrypto,2025-02-05T13:26:08+00:00,@ganymede_0x Almost exactly a year ago as well lol,https://x.com/DaanCrypto/status/1887130589662204303,reply,1887128942097674313,1887128942097674313,1534998196845412359,,
1887129891717410914,DaanCrypto,2025-02-05T13:23:22+00:00,@MacroCRG Awesome! Congratulations :),https://x.com/DaanCrypto/status/1887129891717410914,reply,1886814772911280194,1886814772911280194,236804287,,
1887129349830094931,DaanCrypto,2025-02-05T13:21:12+00:00,@MauritianMonsta Yep very good one,https://x.com/DaanCrypto/status/1887129349830094931,reply,1887125056330797108,1887125420803268902,566444750,,
1887125399445860558,DaanCrypto,2025-02-05T13:05:30+00:00,"$BTC Just like last weekend, the CME gap that was opened after the weekend dump has closed pretty quickly again in the same week.

These CME gaps are still good levels to watch when they are created as price does tend to respect them pretty well. https://t.co/nhqgGriQVc",https://x.com/DaanCrypto/status/1887125399445860558,tweet,1887125399445860558,,,,
1887125056330797108,DaanCrypto,2025-02-05T13:04:09+00:00,"$CPOOL Has been respecting its levels very well. Had a flush lower to test its Daily 200MA but has held and rebounded nicely so far.

The RWA sector has been pretty strong in recent weeks and CPOOL is still my biggest bet within the sector. https://t.co/gb9YzlN4KG",https://x.com/DaanCrypto/status/1887125056330797108,tweet,1887125056330797108,,,,
1887124557774921945,DaanCrypto,2025-02-05T13:02:10+00:00,"$MNT Pretty insane how well this has held up. Market clearly valuing the developments and likely pricing in the massive treasury Mantle has.

This looks good for a move to the ~$1.5 highs when the market stabilizes. https://t.co/XVHkzEtYPl",https://x.com/DaanCrypto/status/1887124557774921945,quote,1887124557774921945,,,1882369119544090750,
1887123979120349349,DaanCrypto,2025-02-05T12:59:52+00:00,"$IOTA Retesting the bottom of the range and Daily 200MA.

Would want to see this break back above the Daily 200EMA to start targetting the range highs again.

These horizontals are being respected pretty well.

With Dino coins trading relatively well compared to the other coins (usually much fewer unlocks), I'm keeping an eye on how this one develops.",https://x.com/DaanCrypto/status/1887123979120349349,tweet,1887123979120349349,,,,
1887123887030247914,DaanCrypto,2025-02-05T12:59:30+00:00,"$COOK Deviating below its range low but failing to push lower. 

$MNT has been on a tear recently and holding up much better than most coins out there. Do think COOK will catch up to that outperformance at some point. https://t.co/qq1E1jSyL6",https://x.com/DaanCrypto/status/1887123887030247914,tweet,1887123887030247914,,,,
1887099328537215083,DaanCrypto,2025-02-05T11:21:55+00:00,@cryptocevo Looks great! Enjoy!,https://x.com/DaanCrypto/status/1887099328537215083,reply,1887064544612155732,1887064544612155732,1962290894,,
1887055508445466850,DaanCrypto,2025-02-05T08:27:47+00:00,@LuistoXBT Then that trading style fits you well 🫡,https://x.com/DaanCrypto/status/1887055508445466850,reply,1887048767255535932,1887052237408755939,1921103226,,
1887055390132629887,DaanCrypto,2025-02-05T08:27:19+00:00,@bgc400 🤝,https://x.com/DaanCrypto/status/1887055390132629887,reply,1887048767255535932,1887052695736877455,1875662042721611777,,
1887048767255535932,DaanCrypto,2025-02-05T08:01:00+00:00,"Historically speaking, the moment I started watching the 1 minute to 15 minute timeframes, is usually when my trading performance deteriorated.

It usually means:
1. You're oversizing. These timeframes should not be important for most types of trading.
2. You'll get chopped up giving tiny moves too much attention.
3. You're tiring yourself out watching this price action.

The best trades are often planned in advance and are rarely managed obsessively while they are active.

If the idea is good, there's no need to oversize and/or micromanage. 👍",https://x.com/DaanCrypto/status/1887048767255535932,tweet,1887048767255535932,,,,
1886888897428275405,DaanCrypto,2025-02-04T21:25:44+00:00,@AviFelman @1000xAgent 😂,https://x.com/DaanCrypto/status/1886888897428275405,reply,1886884658367094902,1886888536076640679,3364497995,,
1886888166528893416,DaanCrypto,2025-02-04T21:22:50+00:00,"@Apsrd0009 Definitely coming down once it starts ""replacing"" some of the weeks prior with this week yes",https://x.com/DaanCrypto/status/1886888166528893416,reply,1886882924579959141,1886883725570359600,1690489622504067072,,
1886888097239196134,DaanCrypto,2025-02-04T21:22:33+00:00,@defiharvxy It is,https://x.com/DaanCrypto/status/1886888097239196134,reply,1886882924579959141,1886883823889383912,1783887153832837123,,
1886882924579959141,DaanCrypto,2025-02-04T21:02:00+00:00,"Just 18% of coins in the top 50 have outperformed $BTC this month.

Over the last 3 months, that number sits at 51%. Which is still decent.

But the top 50 coins outperformed the mid/low/small caps by a long shot as many of those are down 70 to 90% from their local highs. https://t.co/s8QVE7xnaR",https://x.com/DaanCrypto/status/1886882924579959141,tweet,1886882924579959141,,,,
1886819021648986550,DaanCrypto,2025-02-04T16:48:04+00:00,"The average Daily RSI is sitting below 30. This is generally pretty much bear market territory which is not that crazy to see in the current market, considering most alts sold off at least 50% from their local highs. If not much more.

Before the recent bounce, these RSI levels were even lower as you can see from the wicks below the tickers.

The market needs some catalyst or momentum to get it going. There's plenty of room to move but we'll still need money to bid.

With the amount of coins there are, I do think it will remain a liquidity rotation between different sectors and narratives. So choose wisely :)",https://x.com/DaanCrypto/status/1886819021648986550,tweet,1886819021648986550,,,,
1886747029381996580,DaanCrypto,2025-02-04T12:02:00+00:00,"$BTC Looking back at previous cycles, BTC has not started its post halving year (2013, 2017 & 2021) off with a huge move every time.

2017 for example, which has been Bitcoin's best year in recent times, started off quite slow with ""only"" a ~12% gain in Q1. This was then followed up by massive numbers the rest of the year.

Just to show you that things can change around quickly. There's always difficult periods of time in each cycle where people think it's over. But we all know how quick a big green candle can change the look and sentiment of the market around.

Focus on the larger timeframes 🤝",https://x.com/DaanCrypto/status/1886747029381996580,tweet,1886747029381996580,,,,
1886685032510603433,DaanCrypto,2025-02-04T07:55:39+00:00,@Innerdevcrypto Yea no chance to catch that entire move. Was mostly just impressed by the size of it haha.,https://x.com/DaanCrypto/status/1886685032510603433,reply,1886683753658847576,1886684799345037637,1342161424630636544,,
1886683753658847576,DaanCrypto,2025-02-04T07:50:34+00:00,"Yesterday must be one of the largest intraday recoveries on $ETH in recent years.

Can't think of another time in the past 2 cycles where it crawled back +38% to end up green on the day.

Obviously this is all extremely headline driven and the sell off was caused by a ton of forced selling/liquidations.

You won't get price action like this any other way.",https://x.com/DaanCrypto/status/1886683753658847576,tweet,1886683753658847576,,,,
1886520536685273400,DaanCrypto,2025-02-03T21:02:00+00:00,"The Puell Multiple is showing a similar story as many other ""Top & Bottom Indicators"".

$BTC Trading right in the middle of both extremes. Which is pretty much in line with the current sentiment surrounding the market.

Most market participants just waiting for the next move. https://t.co/3Ndh4i1Rwz",https://x.com/DaanCrypto/status/1886520536685273400,tweet,1886520536685273400,,,,
1886460910341874071,DaanCrypto,2025-02-03T17:05:04+00:00,"$ETH Pretty much saw a repeat from last year's August dump.

Failed breakout into 35-40% dump on Sunday-Monday.

First it was the Yen Carry Trade, now it's the Tariffs. Both caused by TradFi but compounding on weakness which was already there. Last time around, $BTC got hit hard, this time it's still holding steady.

It will be interesting to see how the price action develops from here. Doubt it makes sense to range for another 3-4 months like last time. Think we'll see a lot more volatility.",https://x.com/DaanCrypto/status/1886460910341874071,tweet,1886460910341874071,,,,
1886437228714348757,DaanCrypto,2025-02-03T15:30:58+00:00,"Some pretty insane daily candles being formed already.

Any closes at or above these levels would be a good start for many coins.

Market will remain very headline driven in the foreseeable future so we’ll just have to navigate through that.",https://x.com/DaanCrypto/status/1886437228714348757,tweet,1886437228714348757,,,,
1886405318961230122,DaanCrypto,2025-02-03T13:24:10+00:00,"@WhaleInsider Lmao.

>They don’t know",https://x.com/DaanCrypto/status/1886405318961230122,reply,1886331170952040464,1886331170952040464,1235148742631862273,,
1886405049200324959,DaanCrypto,2025-02-03T13:23:06+00:00,@loomdart Not even close indeed,https://x.com/DaanCrypto/status/1886405049200324959,reply,1886253576797765986,1886253576797765986,2603525726,,
1886400934340620316,DaanCrypto,2025-02-03T13:06:45+00:00,@ReetikaTrades @TreeNewsFeed Lmao,https://x.com/DaanCrypto/status/1886400934340620316,reply,1886399751622414570,1886399911215661058,3405743353,,
1886400899175584201,DaanCrypto,2025-02-03T13:06:36+00:00,@TreeNewsFeed That's one positive today,https://x.com/DaanCrypto/status/1886400899175584201,reply,1886399751622414570,1886399751622414570,1282727055604486148,,
1886397819868569802,DaanCrypto,2025-02-03T12:54:22+00:00,"@john_j_brown Didn't know they went down (was asleep).

That's interesting. Likely went a bit lower than it ""should"" have in that case.",https://x.com/DaanCrypto/status/1886397819868569802,reply,1886392287430684890,1886392287430684890,1214309783248850944,,
1886395653154103624,DaanCrypto,2025-02-03T12:45:45+00:00,"@HsakaTrades Yea, @benbybit just confirmed their numbers.

Generally these liquidation numbers are 4-5x higher due to the AP limits",https://x.com/DaanCrypto/status/1886395653154103624,reply,1886395500699558353,1886395500699558353,944686196331966464,,
1886395409011991012,DaanCrypto,2025-02-03T12:44:47+00:00,@benbybit Pretty insane numbers,https://x.com/DaanCrypto/status/1886395409011991012,reply,1886393172152156604,1886393172152156604,1100932506193260544,,
1886391939253280994,DaanCrypto,2025-02-03T12:31:00+00:00,"$BTC So much stronger than anything else out there. Still looking perfectly fine when zooming out.

The demand for BTC is just so much higher compared to the rest of the market, especially during times of uncertainty.

Range still ranging. Let's see how we do. https://t.co/OnhdShl2g3",https://x.com/DaanCrypto/status/1886391939253280994,tweet,1886391939253280994,,,,
1886384712794468505,DaanCrypto,2025-02-03T12:02:17+00:00,"If you want to be safe you wait for Trump to announce the Tariffs are off because he made a deal with the countries involved.

Likely won’t have much time after that happens because I’d expect prices to run it back turbo when that happens.

Alternatively, you wait for some range/consolidation to be formed and choose your spot wisely.

Most people are best of just being patient especially if emotions are high.",https://x.com/DaanCrypto/status/1886384712794468505,tweet,1886384712794468505,,,,
1886376839763067144,DaanCrypto,2025-02-03T11:31:00+00:00,"Last time we saw funding rates must have been August post Yen Carry Trade blow up.

Longs & Leverage properly wiped out.

Will still need spot bid to bring prices up of course. Negative funding rates themselves won't do that :) https://t.co/VJmmbEjKhn",https://x.com/DaanCrypto/status/1886376839763067144,tweet,1886376839763067144,,,,
1886369041696079886,DaanCrypto,2025-02-03T11:00:01+00:00,"🔔 New Video!

Discussing the Tariffs which are shaking up the market and talking about my general view and ideas on this cycle.

Market obviously moved yet again since recording lol. Luckily most of the things I talked about was the bigger view and general remarks about the cycle. 👍

If you like my content, consider subscribing and leaving a like! It helps to push it in the algorithm. 👍

🔗 https://t.co/JCJ3w0rJuP",https://x.com/DaanCrypto/status/1886369041696079886,tweet,1886369041696079886,,,,
1886323991473775003,DaanCrypto,2025-02-03T08:01:00+00:00,"There is no need to make it in one trade.

Especially not when trying to earn back losses.

Investing and trading is a long game and compounding small wins on top of each other works well over time.",https://x.com/DaanCrypto/status/1886323991473775003,tweet,1886323991473775003,,,,
1886143957517705416,DaanCrypto,2025-02-02T20:05:36+00:00,"$BTC Range still ranging.

$90K-$108K is roughly the area to watch.

Everything in between will be choppy.

$96K is a decent area of confluence which is holding for now. Big week ahead. https://t.co/mgjOnmrOmz",https://x.com/DaanCrypto/status/1886143957517705416,tweet,1886143957517705416,,,,
1886135972145820025,DaanCrypto,2025-02-02T19:33:53+00:00,"$STX Retesting the August lows.

Interesting level for a sweep but need the bulls to step in.

Similar case for many coins. https://t.co/pgnv4adGql",https://x.com/DaanCrypto/status/1886135972145820025,tweet,1886135972145820025,,,,
1886077512196780468,DaanCrypto,2025-02-02T15:41:35+00:00,"$BTC Decent sell off during the weekend on the back of the Tariff uncertainty.

The consensus seems to be that stocks will open up lower which crypto has been frontrunning.

Not really a market where I like to trade so I'm just waiting until this blows over.

Good to keep an eye on the gap which will likely be opened tomorrow. Same as last week which got closed pretty quickly.",https://x.com/DaanCrypto/status/1886077512196780468,quote,1886077512196780468,,,1885645881615044852,
1886022001363464583,DaanCrypto,2025-02-02T12:01:00+00:00,"$BTC With about the biggest spot premium since the election.

Mostly driven by this Friday and weekend sell off. The uncertainty around the Tariffs caused quite a few hedges to be opened.

Market likely to remain risk off until some of that blows over & gets digested. https://t.co/k4rh2qF95A",https://x.com/DaanCrypto/status/1886022001363464583,tweet,1886022001363464583,,,,
1885961603436179576,DaanCrypto,2025-02-02T08:01:00+00:00,"Over the years, I've written many Educational threads ranging from very basic to a bit more advanced.

It included all kind of topics ranging from taking profit during a cycle to Fibonacci retracements.

There might be something in there for you if you haven't seen them yet :)",https://x.com/DaanCrypto/status/1885961603436179576,quote,1885961603436179576,,,1403777391147851778,
1885796554289684572,DaanCrypto,2025-02-01T21:05:09+00:00,"$BTC.D Has not done much over the past couple of weeks.

It's in the middle of the range and is mostly back and forth. We saw ETH/BTC bounce some on Thursday/Friday but nothing major just yet. https://t.co/Wy0RdKtuMx",https://x.com/DaanCrypto/status/1885796554289684572,tweet,1885796554289684572,,,,
1885735111062335581,DaanCrypto,2025-02-01T17:01:00+00:00,"$BTC Still just chopping around in the upper half of this range.

There's no need to rush into positions in spots like these.

Price action should get better above $108K if being held.

Mid range at ~$99-$100K is important for the bulls as support. https://t.co/AqrhscoIrU",https://x.com/DaanCrypto/status/1885735111062335581,tweet,1885735111062335581,,,,
1885650235487133835,DaanCrypto,2025-02-01T11:23:44+00:00,"@Angelprovj Yes it does.

Go check any weekend and see the price action. It generally goes sideways and ends up where it left of on Friday :)",https://x.com/DaanCrypto/status/1885650235487133835,reply,1885645881615044852,1885646263414353941,1395040929887698953,,
1885650071330402323,DaanCrypto,2025-02-01T11:23:05+00:00,"@pkrbergeverest Haha usually they do bring out that kinda news while the markets are still trading so it can digest it all.

And thank you! Same to you :)",https://x.com/DaanCrypto/status/1885650071330402323,reply,1885645881615044852,1885646720383742094,1534631142736920576,,
1885645881615044852,DaanCrypto,2025-02-01T11:06:26+00:00,"$BTC Weekend time so that means sideways chop time (usually).

It has been many months since we've opened up with a large cap that wasn't closed straight away the same week.

Generally, this tends to happen when price is strongly trending on the higher timeframe, not when its rangebound as it is now.

We'll see where we'll end up on Monday!",https://x.com/DaanCrypto/status/1885645881615044852,tweet,1885645881615044852,,,,
1885599467841245318,DaanCrypto,2025-02-01T08:02:00+00:00,"The $BTC 2 Year MA Multiplier tool can give a good idea of when it might be time to buy or sell Bitcoin in the long run.

Generally, when price surpasses the 2 Year MA * 5, it means BTC has overextended and might be close to a top.

When price trades below the 2 Year MA, it has historically been an interesting time to buy.

Price is now right in the middle of the two. Not where you'd usually want to do long term buying, but also not quite as overextended as we've seen in previous cycles.",https://x.com/DaanCrypto/status/1885599467841245318,tweet,1885599467841245318,,,,
1885433373105283501,DaanCrypto,2025-01-31T21:02:00+00:00,"$BTC Has mostly traded with a Coinbase discount during the past month.

This means that other spot exchanges trade at a higher price than Coinbase. Indicating that there's relatively more selling pressure coming from the US.

A Coinbase premium generally indicates strength and bullish sentiment from US investors. Including ETFs, institutions etc.

Currently, it is pretty much flat.",https://x.com/DaanCrypto/status/1885433373105283501,tweet,1885433373105283501,,,,
1885372723393945662,DaanCrypto,2025-01-31T17:01:00+00:00,"January sector performance showing the Layer 1s on top.

It might be no surprise that meme coins are way down at the bottom with the biggest percentage loss on average.

DeFi has been relatively strong compared to what it has done in the past. https://t.co/tox5nZdPat",https://x.com/DaanCrypto/status/1885372723393945662,tweet,1885372723393945662,,,,
1885338950371295565,DaanCrypto,2025-01-31T14:46:48+00:00,@TreeNewsFeed Paolo goes brrrrrrrr,https://x.com/DaanCrypto/status/1885338950371295565,reply,1885338779877040581,1885338779877040581,1282727055604486148,,
1885313040695865769,DaanCrypto,2025-01-31T13:03:50+00:00,"$ETH Important daily close today. Especially seeing we're heading into the weekend which is generally pretty slow.

So a daily close & breakout with some consolidation would be a nice setup for next week. https://t.co/jAgNZbGd0c",https://x.com/DaanCrypto/status/1885313040695865769,quote,1885313040695865769,,,1885002448332296328,
1885293638416056334,DaanCrypto,2025-01-31T11:46:45+00:00,"$LDO Shaping up nicely.

It's just a matter of time before we'll see the first $ETH Spot ETF filing with Staking included. That should kick off the ETH & Staking narrative and should help boost the performance on these Liquid Staking Derivatives coins.

I do think the recent outperformance on LDO is money frontrunning this.

$3 would be a massive level to break after which price action would get pretty explosive I reckon. Let's see if we can get there first.",https://x.com/DaanCrypto/status/1885293638416056334,quote,1885293638416056334,,,1882757836758794554,
1885289193196179487,DaanCrypto,2025-01-31T11:29:05+00:00,@quincy_sol Shhh,https://x.com/DaanCrypto/status/1885289193196179487,reply,1885002448332296328,1885287361279631386,1207829761541558272,,
1885289164234510494,DaanCrypto,2025-01-31T11:28:58+00:00,"@Capitalist_CZ Haha it was more like, people shouldn’t mention it to not jinx it again haha",https://x.com/DaanCrypto/status/1885289164234510494,reply,1885002448332296328,1885287774602793425,3079279888,,
1885287281247842722,DaanCrypto,2025-01-31T11:21:29+00:00,No one say anything 🤫,https://x.com/DaanCrypto/status/1885287281247842722,reply,1885002448332296328,1885002448332296328,918138253617790976,,
1885236827692446012,DaanCrypto,2025-01-31T08:01:00+00:00,"The returns in 2025 so far have been very lackluster.

Only a select group of coins were able to get some decent gains.

Most others sold off anywhere from 10-30%.

$BTC has held steady and is still green on the month. Continuing its long streak of outperformance vs most alts. https://t.co/S1K8CcROlU",https://x.com/DaanCrypto/status/1885236827692446012,tweet,1885236827692446012,,,,
1885068219137822781,DaanCrypto,2025-01-30T20:51:00+00:00,"$BTC Clean sweep of the range low into the sweep above.

Held the mid range as support and formed another higher low.

Key area to break to continue price discovery and get the trend going again is that $108K level. https://t.co/U91qNLI8b5",https://x.com/DaanCrypto/status/1885068219137822781,tweet,1885068219137822781,,,,
1885002448332296328,DaanCrypto,2025-01-30T16:29:39+00:00,"$ETH About to test the upper side of this massive falling wedge again.

If you want your alts to do well, you better pray for ETH to break this and take the altcoin market with it.

Looks decent here but it has looked decent before. Need that breakout. https://t.co/SCMYoqMhy8",https://x.com/DaanCrypto/status/1885002448332296328,tweet,1885002448332296328,,,,
1884988729305059490,DaanCrypto,2025-01-30T15:35:09+00:00,@chiefingza what are the odds this marks the BTC.D top,https://x.com/DaanCrypto/status/1884988729305059490,reply,1884988029665988967,1884988029665988967,1518463429387894790,,
1884988220313661791,DaanCrypto,2025-01-30T15:33:07+00:00,@CuratedByR Great write-up! 👏,https://x.com/DaanCrypto/status/1884988220313661791,reply,1884984046825926693,1884984046825926693,1178301864254812160,,
1884988112650043748,DaanCrypto,2025-01-30T15:32:42+00:00,@TheBlock__ 👏,https://x.com/DaanCrypto/status/1884988112650043748,reply,1884662847658983844,1884662847658983844,963767159536209921,,
1884987977446670789,DaanCrypto,2025-01-30T15:32:09+00:00,@Aptos @circle @coinbase 🔥,https://x.com/DaanCrypto/status/1884987977446670789,reply,1884965637195551206,1884965637195551206,1491526425580474368,,
1884984767604469857,DaanCrypto,2025-01-30T15:19:24+00:00,@tier10k Rip,https://x.com/DaanCrypto/status/1884984767604469857,reply,1884984498233774302,1884984498233774302,2361601055,,
1884969186880901419,DaanCrypto,2025-01-30T14:17:29+00:00,@News_Of_Alpha What a surprise,https://x.com/DaanCrypto/status/1884969186880901419,reply,1884968683493003758,1884968683493003758,1282727055604486148,,
1884959049470423465,DaanCrypto,2025-01-30T13:37:12+00:00,@Ren_gmi Many such cases,https://x.com/DaanCrypto/status/1884959049470423465,reply,1884958663112110458,1884958663112110458,1598884914,,
1884931764680032510,DaanCrypto,2025-01-30T11:48:47+00:00,"$BTC Does not look bad at all here.

Deviation below the inauguration low after the market wide sell off, solid reaction post FOMC and now trading back above the local high volume node.

All time high is in reaching distance. Just need the bulls to hold the line here and keep pushing.",https://x.com/DaanCrypto/status/1884931764680032510,quote,1884931764680032510,,,1884647700244693492,
1884893166001656232,DaanCrypto,2025-01-30T09:15:25+00:00,@vinnie_84 Think it will do well if eth starts moving,https://x.com/DaanCrypto/status/1884893166001656232,reply,1884874691971801444,1884875979228643668,211787792,,
1884874691971801444,DaanCrypto,2025-01-30T08:02:00+00:00,"If there's an altcoin that shows the typical altcoin price action, it has to be $DOGE.

Long drawn out consolidations and bleeding followed by very quick and large moves higher.

This is the case for many altcoins and why many people lose money on them. If you wait for the action, there's a good chance you buy a near a local top and have to sit through a 50%+ correction + wait a long time. Likely resulting in capitulating for a loss or before the next move up happens.

Or if the market is bearish in general, the drawdowns will become even larger and take even longer. Really testing your patience in doing so.

And DOGE has been one of the strongest alts over the past few cycles. Most coins go -99% and never recover. There's only a few out there that survive multiple cycles and keep up to pace with $BTC over time.

Just shows you how timing these coins can be difficult. You generally want to be buying low or on the first sign of a high timeframe reversal. But seeing how quick alts can move, if you're late on executing and aren't allocated already, there's a good chance the move has already happened by the time it catches your attention.

Trading is a different story of course. This is mainly focussed on long term spot holdings.",https://x.com/DaanCrypto/status/1884874691971801444,tweet,1884874691971801444,,,,
1884873041320006009,DaanCrypto,2025-01-30T07:55:26+00:00,@cryptocevo Gm,https://x.com/DaanCrypto/status/1884873041320006009,reply,1884849486259794227,1884849486259794227,1962290894,,
1884708003703660679,DaanCrypto,2025-01-29T20:59:38+00:00,"@Drewzillla Looks good to me here but we need a solid daily close imo.

But we took out a good amount of leverage and BTC had a nice reaction from FOMC so far,

But will remain volatile for a while here",https://x.com/DaanCrypto/status/1884708003703660679,reply,1884703655493865889,1884704027746648192,151056780,,
1884703655493865889,DaanCrypto,2025-01-29T20:42:22+00:00,$BTC The CME gap from this weekend has been closed. https://t.co/XRV2ZfbJ7D,https://x.com/DaanCrypto/status/1884703655493865889,quote,1884703655493865889,,,1883850350358327385,
1884700578078511130,DaanCrypto,2025-01-29T20:30:08+00:00,"The $TOTAL Crypto Market cap is consolidating between its 2024 and 2021 highs.

For the sentiment to improve, a break above new highs would be helpful. This would also likely make a lot of new retail flows come into the market. https://t.co/KTMnpTm9tJ",https://x.com/DaanCrypto/status/1884700578078511130,tweet,1884700578078511130,,,,
1884672822053675318,DaanCrypto,2025-01-29T18:39:50+00:00,@thedefivillain Half of these lie in the cemetery at this point,https://x.com/DaanCrypto/status/1884672822053675318,reply,1884671860073234544,1884671860073234544,1522870521414787072,,
1884647700244693492,DaanCrypto,2025-01-29T17:00:01+00:00,"$BTC Range to watch in the short term.

FOMC coming up in 2 hours which will definitely cause a lot of volatility.

People got disappointed by the hawkishness last time around, which caused a sell off.

Right now, there's a lot fewer interest rate cuts priced in for 2025 so a lot of that hawkishness should be relatively priced in this time around. Let's see what we get.",https://x.com/DaanCrypto/status/1884647700244693492,tweet,1884647700244693492,,,,
1884621394623013005,DaanCrypto,2025-01-29T15:15:29+00:00,@CryptoJelleNL 🤝,https://x.com/DaanCrypto/status/1884621394623013005,reply,1884620837292032489,1884620837292032489,787634466,,
1884610825056395353,DaanCrypto,2025-01-29T14:33:29+00:00,@ClearpoolFin @GirishBudhrani_ @JKronbichler 🌊🌊🌊,https://x.com/DaanCrypto/status/1884610825056395353,reply,1882755016265711630,1882755016265711630,1433318597271572488,,
1884596422395204095,DaanCrypto,2025-01-29T13:36:15+00:00,@jediblocmates #1 KOL for sure,https://x.com/DaanCrypto/status/1884596422395204095,reply,1884596035936272421,1884596348550304009,971586956,,
1884596035936272421,DaanCrypto,2025-01-29T13:34:43+00:00,"The President of the United Stated of America for the next 4 years is consistently buying crypto through all his companies.

What does he know?",https://x.com/DaanCrypto/status/1884596035936272421,quote,1884596035936272421,,,1884595190666555503,
1884590347780542641,DaanCrypto,2025-01-29T13:12:07+00:00,"$BTC The US Trading Sessions have been the least bullish, relative to the other sessions, over the past year.

Especially recently, we've seen most gains come from the EU Session as the market tends to sell off during the NY Market Open. https://t.co/pb1rNTR5nu",https://x.com/DaanCrypto/status/1884590347780542641,tweet,1884590347780542641,,,,
1884583976183935417,DaanCrypto,2025-01-29T12:46:48+00:00,@MICHLiq_ Interesting development,https://x.com/DaanCrypto/status/1884583976183935417,reply,1884531521475805444,1884531521475805444,47382356,,
1884581016280424754,DaanCrypto,2025-01-29T12:35:02+00:00,@JustinBarlow 👏,https://x.com/DaanCrypto/status/1884581016280424754,reply,1884251948599120133,1884251948599120133,866517108905193478,,
1884572202281910556,DaanCrypto,2025-01-29T12:00:01+00:00,"7 Hours from now, we'll have another FOMC statement come out which will likely show that the Fed holds interest rates where they are. This is mostly priced in.

Afterwards, we'll hear Powell speak and I'm interested to see what tone he will come out with this time. Last FOMC was more hawkish than people expected which caused some short term pain and caused markets to move lower.

We have recently seen $DXY and Yields come down somewhat but are still at elevated area's relative to the past 1-2 years.

As always, the reaction by the market to what happens,, will be more telling than the statement and decisions themselves.",https://x.com/DaanCrypto/status/1884572202281910556,tweet,1884572202281910556,,,,
1884560704763478393,DaanCrypto,2025-01-29T11:14:20+00:00,"@cryptocevo Yea there's plenty doing it but I think one of the major ones (UNI/LDO etc) would really get things going and also attract institutional interest from outside if the yield is good.

We need one of the big ones to lead the charge I think",https://x.com/DaanCrypto/status/1884560704763478393,reply,1884556445171007823,1884559881472008334,1962290894,,
1884559356508668017,DaanCrypto,2025-01-29T11:08:58+00:00,@cryptocevo We need one of these major DeFi protocols to start sharing fees with its token holders and the narrative will kick off in full force I reckon,https://x.com/DaanCrypto/status/1884559356508668017,reply,1884556445171007823,1884556445171007823,1962290894,,
1884551930388550122,DaanCrypto,2025-01-29T10:39:28+00:00,@ReetikaTrades Yes,https://x.com/DaanCrypto/status/1884551930388550122,reply,1884551693401993666,1884551693401993666,3405743353,,
1884512052133122247,DaanCrypto,2025-01-29T08:01:00+00:00,"The Average Daily RSI in the market has come down a lot but recovered slightly on this bounce.

The average of ~34 is pretty low and summarizes the charts pretty well, which are mostly just bleeding lower.

You can clearly see that the left side of the chart, which houses the large caps, is trading higher on average. Which makes sense as BTC & Large caps have been the strongest performers the past few weeks/months.

A catalyst is needed for the mid/small caps to make moves. I still believe the momentum has to be led by $ETH for most of these coins to start moving. So as long as that doesn't happen, alts remain weak.",https://x.com/DaanCrypto/status/1884512052133122247,tweet,1884512052133122247,,,,
1884346209734652199,DaanCrypto,2025-01-28T21:02:00+00:00,"$BTC On track to close its highest monthly candle ever.

Yet, sentiment is showing the complete opposite because of the high average exposure to altcoins which mostly underperformed.

But market cycle tops have never been determined by altcoin weakness. If anything, it's the opposite.

BTC remains the king and as long as it keeps making new highs, the cycle is on.

Obviously that doesn't mean every coin will go up with it, as is evident this cycle. Allocate wisely.",https://x.com/DaanCrypto/status/1884346209734652199,tweet,1884346209734652199,,,,
1884293481168003490,DaanCrypto,2025-01-28T17:32:29+00:00,@CryptoWizardd 🤝,https://x.com/DaanCrypto/status/1884293481168003490,reply,1884291880185389204,1884291880185389204,972970759416111104,,
1884285811593794003,DaanCrypto,2025-01-28T17:02:00+00:00,"$BTC There's always plenty of arguments why this time would be different.

But I like to let the chart speak and until the bullish market structure is lost, I'm assuming the trend is still ongoing and to expect higher over time.

Overcomplicating and focussing too much on the lower timeframes is what makes a large bull trend difficult to navigate.",https://x.com/DaanCrypto/status/1884285811593794003,tweet,1884285811593794003,,,,
1884281436032885166,DaanCrypto,2025-01-28T16:44:37+00:00,"@Fabadacafe Yes that's a shame. Still a wide selection of coins in the spot market though. 

Maybe one day we'll get it back everywhere in the Netherlands :)",https://x.com/DaanCrypto/status/1884281436032885166,reply,1884279775037890779,1884280392599146935,1527234434331729931,,
1884280177582301625,DaanCrypto,2025-01-28T16:39:37+00:00,"About Large Token Unlocks 📚

https://t.co/OExRlGhdo7",https://x.com/DaanCrypto/status/1884280177582301625,quote,1403777391147851778,1843199083483476267,918138253617790976,1879861335975931966,
1884279775037890779,DaanCrypto,2025-01-28T16:38:01+00:00,"I don't usually share things like these too often, but Bybit is still my go to exchange for trading. The 10% discount you can get while signing up does add up in the long run. Especially if you start doing a lot of volume over time.

🔥👉 https://t.co/q6IVfk5UGL

Bybit's VIP program offers low fees, top-tier liquidity & more perks for traders & holders.  Learn more:
https://t.co/VgLH3qVHyz",https://x.com/DaanCrypto/status/1884279775037890779,tweet,1884279775037890779,,,,
1884248824237154781,DaanCrypto,2025-01-28T14:35:02+00:00,@solidintel_x Gmove,https://x.com/DaanCrypto/status/1884248824237154781,reply,1884246040687304825,1884246040687304825,1404421873169993730,,
1884210062752899133,DaanCrypto,2025-01-28T12:01:00+00:00,"$ETH Has failed to break this massive falling wedge yet again but did hold on to the Daily 200MA/EMA.

This is still fine above $2.8K but I would not want to see it trade below there.

You're probably best off just waiting for this to break out of the wedge and hop on to any bullish momentum that might unfold. That way you won't get chopped up or long during this current weakness.",https://x.com/DaanCrypto/status/1884210062752899133,tweet,1884210062752899133,,,,
1884149664280089057,DaanCrypto,2025-01-28T08:01:00+00:00,"$BTC January has been decent but choppu for Bitcoin, so far.

February has historically been the second best month, behind October.

February has been green 10 out of 12 years.

Let's see if we'll continue that streak :) https://t.co/RSCviqO28D",https://x.com/DaanCrypto/status/1884149664280089057,tweet,1884149664280089057,,,,
1883977435944800668,DaanCrypto,2025-01-27T20:36:37+00:00,"$BTC Range keeps ranging.

Right back into the high volume area within this range. Doesn't seem like the $100K mark is left behind so easily just yet.

You can probably just go afk until ~$90K or ~$108K is broken and closed below/above.

Until then it's just going to be more of this.",https://x.com/DaanCrypto/status/1883977435944800668,tweet,1883977435944800668,,,,
1883919972822573105,DaanCrypto,2025-01-27T16:48:17+00:00,@zackvoell I heard the future is being developed there!,https://x.com/DaanCrypto/status/1883919972822573105,reply,1883916326814794089,1883916398541640000,2373682811,,
1883916326814794089,DaanCrypto,2025-01-27T16:33:48+00:00,"$NVDA Lost over $600B+ of its Market Capitalisation during the past two trading days.

That's about the entire market cap of the #2 and #3 Cryptocurrencies by market cap, $ETH & $XRP combined.

Or close to 1/3 of $BTC's entire market cap.

In just two days. https://t.co/CPTNzlkkBl",https://x.com/DaanCrypto/status/1883916326814794089,tweet,1883916326814794089,,,,
1883890870539436033,DaanCrypto,2025-01-27T14:52:39+00:00,"$TAO Clean retest and strong bounce during the market wide correction.

Needs to break this massive falling wedge to see continuation higher.

Generally, strong coins during market weakness give a good indication of what might take the spotlight next upon a market recovery. https://t.co/SwuzD5tekX",https://x.com/DaanCrypto/status/1883890870539436033,tweet,1883890870539436033,,,,
1883888796078616650,DaanCrypto,2025-01-27T14:44:24+00:00,@chiefingza Chart looks solid as well.,https://x.com/DaanCrypto/status/1883888796078616650,reply,1883888543397027946,1883888543397027946,1518463429387894790,,
1883882394941604019,DaanCrypto,2025-01-27T14:18:58+00:00,"$BTC Broke down from the triangle/pennant and swept the post-inauguration low.

It is still holding on to this range for the time being. Good levels to watch in the short-mid term. https://t.co/3OMHqhSxlf",https://x.com/DaanCrypto/status/1883882394941604019,tweet,1883882394941604019,,,,
1883850350358327385,DaanCrypto,2025-01-27T12:11:38+00:00,"$BTC Opened up with a small CME gap around ~$105K.

Markets sold off right from the futures open when equities started trading down due to the China OpenAI competitor fears.

I wouldn't personally value this gap too much just yet, seeing price is 5%+ away from it as we speak.

Generally these get interesting when price trades within like a ~2% proximity, at that point the gap fill can become a bit of a self fulfilling prophecy which tends to get filled.",https://x.com/DaanCrypto/status/1883850350358327385,tweet,1883850350358327385,,,,
1883832322971316389,DaanCrypto,2025-01-27T11:00:00+00:00,"🔔 New Video!

Discussing the state of the market post inauguration.

Video was recorded yesterday so some charts might be slightly different. Although most views are more high timeframe focussed as usual :)

If you like my content, consider subscribing and leaving a like! It helps to push it in the algorithm. 👍

🔗 https://t.co/IxsdIUdTTg",https://x.com/DaanCrypto/status/1883832322971316389,tweet,1883832322971316389,,,,
1883810836235583689,DaanCrypto,2025-01-27T09:34:37+00:00,@dark3web1 Yes,https://x.com/DaanCrypto/status/1883810836235583689,reply,1883800142563995758,1883800909857292431,1601949018787037186,,
1883802549637218809,DaanCrypto,2025-01-27T09:01:41+00:00,@KongBTC I think they did train it on ChatGPT,https://x.com/DaanCrypto/status/1883802549637218809,reply,1883800142563995758,1883802093427073354,983046985,,
1883800142563995758,DaanCrypto,2025-01-27T08:52:07+00:00,"-> China Launches OpenAI Competitor
-> Markets get spooked
-> Nasdaq futures down -3% pre-market
-> Overall Risk off movement across the board
-> Our magic internet coins hit in the crossfire yet again

Gm",https://x.com/DaanCrypto/status/1883800142563995758,tweet,1883800142563995758,,,,
1883621433575657653,DaanCrypto,2025-01-26T21:02:00+00:00,"$BTC Ranging as alts do poorly.

Pretty typical for this cycle so far. There's a lot of dilution between the alts and with each new Binance listing it just takes away more capital from the rest. Too many to pump all at once.

Asset selection has never been so important. https://t.co/bX5cpaliJ6",https://x.com/DaanCrypto/status/1883621433575657653,tweet,1883621433575657653,,,,
1883598742869414251,DaanCrypto,2025-01-26T19:31:50+00:00,@Dentoshi Big week 🤝,https://x.com/DaanCrypto/status/1883598742869414251,reply,1883572801606705203,1883572801606705203,1019932961632866305,,
1883561035984183714,DaanCrypto,2025-01-26T17:02:00+00:00,"January has been underwhelming for $ETH so far. 

February has been green 7 out of 8 years in ETH's history.

The most interesting thing in this data in my opinion is when you look at the average returns per month.

Basically all the good months are January to May. After that, BTC tends to steal the show again as ETH underperforms. With the summer being pretty bad for ETH.

Obviously historical returns are not something to solely base your decisions of. But seasonality does play a big role in Crypto & Equities and it's something that's studied/looked at by a lot of investors.",https://x.com/DaanCrypto/status/1883561035984183714,tweet,1883561035984183714,,,,
1883536539537568030,DaanCrypto,2025-01-26T15:24:40+00:00,@HighStakesCap Congratulations!! 🔥💪,https://x.com/DaanCrypto/status/1883536539537568030,reply,1883536335924793536,1883536335924793536,1154010518790791168,,
1883485550428275103,DaanCrypto,2025-01-26T12:02:03+00:00,"$BTC Just waiting until the pennant breaks.

Still stuck in this ""Inauguration range"".

Should resolve in a day or two.

These do generally break to the upside but obviously waiting for a breakout is always recommended. https://t.co/cSmq5bjtvM",https://x.com/DaanCrypto/status/1883485550428275103,tweet,1883485550428275103,,,,
1883425140333240407,DaanCrypto,2025-01-26T08:02:00+00:00,"Each cycle is different in its own way.

2016-2017 run up was basically up only with some sharp 30-40% corrections every few months. Alts mostly ran at the very end.

2020-2021 was up only with a big summer correction in between. Different sectors did well at different times. The Layer 1s were good bets in general. But these also saw a lot of volatility.

2024-2025 is defined by the massive difference in performance by coins & sectors. $BTC & $SOL were one of the few solid buy & hold coins throughout the cycle so far. Most other coins underperformed or had short periods of outperformance followed by underperformance.

The market is still lacking the liquidity and attention it needs for more coins to move at the same time. It's just a liquidity rotation and PvP between the next new hot thing.

Concentrated bets on strong coins are good to have this cycle, but you'll have to actively manage it because before you know it, last week's hot coin is already down 50%+.

Alternatively, just being heavily exposed to $BTC and other majors you think are good, is usually a good passive approach.",https://x.com/DaanCrypto/status/1883425140333240407,tweet,1883425140333240407,,,,
1883258794056319041,DaanCrypto,2025-01-25T21:01:00+00:00,"The $TOTAL Market Cap still consolidating below its all time high as well.

We can get excited again when this breaks the red zone and goes back into price discovery.

Obviously $BTC is the main contributor to this and the one leading. https://t.co/fnsHkWAeSU",https://x.com/DaanCrypto/status/1883258794056319041,quote,1883258794056319041,,,1882170199358517731,
1883198648063779210,DaanCrypto,2025-01-25T17:02:00+00:00,"The $TOTAL Altcoin Market Cap has still just been consolidating below its all time highs.

No changes here. Choppy price action until the range breaks.

Performance will be very divided between the altcoins and sectors as we've been seeing. https://t.co/Hu87iQ41K5",https://x.com/DaanCrypto/status/1883198648063779210,quote,1883198648063779210,,,1881084466711437583,
1883117108260917692,DaanCrypto,2025-01-25T11:37:59+00:00,"$BTC Weekend time, not expecting much seeing the relatively low volatity right now.

Price is only a few percent away from its all time high so let's see if we can break that again next week.

For now, chill mode. I'd be interested in potentially buying a deeper dip during the weekend or early next week.",https://x.com/DaanCrypto/status/1883117108260917692,tweet,1883117108260917692,,,,
1883062500494573944,DaanCrypto,2025-01-25T08:01:00+00:00,"The reactions to large news headlines have been slower this cycle.

Crypto natives are quick to brush bullish news off as bearish, if it doesn't immediately go up to the point they think it should. Fact is, the market isn't primarily moved by the crypto natives anymore. It is moved by TradFi, and they are much slower.

So when a bullish headline hits and the initial reaction is lackluster, by the time TradFi starts getting involved, the crypto natives have already chopped themselves up several times on choppy price action before the actual flows come in.

That's just the way it has been going the past year, especially since the ETFs went live. Good to keep in mind.",https://x.com/DaanCrypto/status/1883062500494573944,tweet,1883062500494573944,,,,
1882896658238746918,DaanCrypto,2025-01-24T21:02:00+00:00,"$BTC Still trending along nicely on the higher timeframes.

The Bull Market Support band sits below and as long as price trades above, I don't think this trend has ended.

You can see how this cycle's gains have generally been made in short moves followed by longer consolidations.

It's just a matter of patience.",https://x.com/DaanCrypto/status/1882896658238746918,tweet,1882896658238746918,,,,
1882886235326480716,DaanCrypto,2025-01-24T20:20:35+00:00,@AviFelman Same here lol,https://x.com/DaanCrypto/status/1882886235326480716,reply,1882885943528706442,1882885943528706442,3364497995,,
1882835415931240450,DaanCrypto,2025-01-24T16:58:39+00:00,"$ETH Testing this massive falling wedge. A break out would likely lead to another test of the ~$4K-$4.1K (Cycle) highs.

I personally think that if price gets back to that point it will get obliterated but let's see by the time we get there.

For now, let's watch this trend line and see if ETH can make it happen.",https://x.com/DaanCrypto/status/1882835415931240450,tweet,1882835415931240450,,,,
1882773994392412459,DaanCrypto,2025-01-24T12:54:35+00:00,@MacroScope17 Thanks for the summary,https://x.com/DaanCrypto/status/1882773994392412459,reply,1882763374598955125,1882763374598955125,898760033994977280,,
1882773802599551477,DaanCrypto,2025-01-24T12:53:49+00:00,@ZoomerOracle @DegenSpartan Any ETH Spot ETF Staking news would help a lot as well,https://x.com/DaanCrypto/status/1882773802599551477,reply,1882772164488896700,1882772164488896700,1297920445979807744,,
1882757836758794554,DaanCrypto,2025-01-24T11:50:22+00:00,"$LDO Cursed coin this entire cycle, but is one of the most interesting looking ones.

This will definitely need some $ETH strength to start moving as it's one of the main ETH Beta coins which only moves when ETH does.

I don't think I need to tell you what would happen if this were to break $3+ after trading below it for the past ~2.5 years.

Unlocks mostly done as well.",https://x.com/DaanCrypto/status/1882757836758794554,tweet,1882757836758794554,,,,
1882703188404666503,DaanCrypto,2025-01-24T08:13:13+00:00,@Farrell1805 Yes,https://x.com/DaanCrypto/status/1882703188404666503,reply,1882700364535001107,1882702998717264305,1354847147376726016,,
1882700364535001107,DaanCrypto,2025-01-24T08:02:00+00:00,"The $USDT Dominance peaked out at 9.5% this cycle.

This was on the back of low prices and an ever increasing USDT supply.

This pair can be used to determine important market pivots & levels. Currently at such a key level. https://t.co/ezipTvS7QT",https://x.com/DaanCrypto/status/1882700364535001107,tweet,1882700364535001107,,,,
1882535573199749605,DaanCrypto,2025-01-23T21:07:11+00:00,"$BTC Short term range & levels to watch.

Not much else to it right now for me. Just waiting for some action anywhere. https://t.co/DiEAlyZDVj",https://x.com/DaanCrypto/status/1882535573199749605,quote,1882535573199749605,,,1882398375091511672,
1882456019022057723,DaanCrypto,2025-01-23T15:51:03+00:00,@alphawifhat Exciting times!,https://x.com/DaanCrypto/status/1882456019022057723,reply,1882455427717468337,1882455427717468337,1766051901823655936,,
1882455861127434260,DaanCrypto,2025-01-23T15:50:26+00:00,@JaamJaam22 That's exactly the point I'm making here,https://x.com/DaanCrypto/status/1882455861127434260,reply,1882449130502443199,1882455726930694462,1480715064898433026,,
1882455692336038076,DaanCrypto,2025-01-23T15:49:46+00:00,"@__bleeker I think them just holding what they have can be priced in somewhat. Hard to think about the impact it has on its legitimacy etc.

Them buying billions of $ worth of $BTC would be impossible to price in with the liquidity we have in the market atm.",https://x.com/DaanCrypto/status/1882455692336038076,reply,1882449130502443199,1882453859240648847,809002141838876673,,
1882455355462234139,DaanCrypto,2025-01-23T15:48:25+00:00,@alphawifhat 🤝,https://x.com/DaanCrypto/status/1882455355462234139,reply,1882449130502443199,1882453595116962243,1766051901823655936,,
1882455303632945376,DaanCrypto,2025-01-23T15:48:13+00:00,"A lot of people still seem to think the creation of a Strategic $BTC Reserve means the US would start buying additional BTC as well.

This is not what Trump mentioned initially. It would mainly just be them holding their seized (Silk Road) coins. So that's not that crazy to imagine.

Buying additional coins would be on another level and is less likely to occur immediately I think. Although I'm not ruling anything out after the past few weeks.",https://x.com/DaanCrypto/status/1882455303632945376,reply,1882449130502443199,1882449130502443199,918138253617790976,,
1882453953276952631,DaanCrypto,2025-01-23T15:42:51+00:00,@TheCryptoYapper Wb,https://x.com/DaanCrypto/status/1882453953276952631,reply,1882436821013209131,1882436821013209131,1867538228800016384,,
1882450872661418207,DaanCrypto,2025-01-23T15:30:36+00:00,"@ZoomerOracle Yes, very unlikely he'll let anyone else do that.",https://x.com/DaanCrypto/status/1882450872661418207,reply,1882446050847559789,1882446050847559789,1297920445979807744,,
1882450586525684091,DaanCrypto,2025-01-23T15:29:28+00:00,@ErnieYachts Yes,https://x.com/DaanCrypto/status/1882450586525684091,reply,1882449130502443199,1882450186104189284,1478391603572133893,,
1882450543618261046,DaanCrypto,2025-01-23T15:29:18+00:00,@RyanTadveen Indeed.,https://x.com/DaanCrypto/status/1882450543618261046,reply,1882449130502443199,1882449956692492461,1483960051316703232,,
1882449130502443199,DaanCrypto,2025-01-23T15:23:41+00:00,"Does show that the market is absolutely not ready for a Strategic $BTC Reserve to be announced. Similar to the fake Cointelegraph BTC Spot ETF approval tweet which caused a pump, full retraced, and pumped afterwards anyways as the market realised it was underexposed.

This time, price moved 4% on an announcement of an announcement.

If we'd get the SBR at some point, the market seems quite underexposed.",https://x.com/DaanCrypto/status/1882449130502443199,quote,1882449130502443199,,,1882447785435574458,
1882447785435574458,DaanCrypto,2025-01-23T15:18:20+00:00,$BTC A Short Story: https://t.co/RQQud0vY1K,https://x.com/DaanCrypto/status/1882447785435574458,tweet,1882447785435574458,,,,
1882443406103998553,DaanCrypto,2025-01-23T15:00:56+00:00,@awawat That'd be hilarious,https://x.com/DaanCrypto/status/1882443406103998553,reply,1882443139065188425,1882443139065188425,1281133175658254336,,
1882436808472158247,DaanCrypto,2025-01-23T14:34:43+00:00,@SenLummis SBR?,https://x.com/DaanCrypto/status/1882436808472158247,reply,1882432096783778270,1882432096783778270,22831059,,
1882414009414291910,DaanCrypto,2025-01-23T13:04:08+00:00,@MacroCRG 100%,https://x.com/DaanCrypto/status/1882414009414291910,reply,1882413545897222511,1882413545897222511,236804287,,
1882413779352469824,DaanCrypto,2025-01-23T13:03:13+00:00,@nillion 🤖,https://x.com/DaanCrypto/status/1882413779352469824,reply,1882412813102326002,1882412813102326002,1372220528518397955,,
1882409194864902652,DaanCrypto,2025-01-23T12:45:00+00:00,"@Tim_4444 Yep I'm mostly chilling as well :) 

Market testing everyone's patience yet again.

Glad you like it Tim, appreciate your content as well 👍",https://x.com/DaanCrypto/status/1882409194864902652,reply,1882398375091511672,1882405682412212444,1342161424630636544,,
1882398375091511672,DaanCrypto,2025-01-23T12:02:00+00:00,"$BTC Liquidity has been building up on both sides during this inauguration range between ~$100K-$110K.

Until either of these breaks or gets swept, price action is likely to remain choppy as alts bleed.

You need some strong impulse by $BTC and/or $ETH to give the market some momentum again. Otherwise it will just keep testing everyone's patience.",https://x.com/DaanCrypto/status/1882398375091511672,tweet,1882398375091511672,,,,
1882373221099753691,DaanCrypto,2025-01-23T10:22:03+00:00,"Which Crypto Spot ETF will be the first one to get approved & launched?

$XRP $SOL $DOGE $TRUMP",https://x.com/DaanCrypto/status/1882373221099753691,tweet,1882373221099753691,,,,
1882369119544090750,DaanCrypto,2025-01-23T10:05:45+00:00,"$MNT Has been making moves recently, and the price action is there to support it.

One of the strongest charts out there over the past 2 months.

I am expecting another move to the all time high as long as this green zone around ~$1.05 is being held.

Still think this is one of the coins that is being slept on a lot.",https://x.com/DaanCrypto/status/1882369119544090750,quote,1882369119544090750,,,1882017058680086805,
1882337976866488610,DaanCrypto,2025-01-23T08:02:00+00:00,"Something I always recommend new traders is to set aside a small part of your overall long term crypto portfolio for trading.

This makes it so:

1. You're less likely to risk too much of your overall portfolio.
2. It makes you less likely to start using your main portfolio as collateral or mix up your results.
3. Even if you have a bad trading streak, during a bull market, your long term portfolio will still make it so you're profitable.
4. Easier to manage risk in general.

It just makes you less prone to mistakes and more likely to end the cycle in a profit. Even if the trading results themselves might be disappointing.",https://x.com/DaanCrypto/status/1882337976866488610,tweet,1882337976866488610,,,,
1882170199358517731,DaanCrypto,2025-01-22T20:55:19+00:00,"The $TOTAL Crypto Market Cap has been consolidating between the $3.7T mark and the 2021 all time high since the end of last year.

So far, this is looking like re-accumulation before the next leg higher.

It will be key to hold on to the $3T mark but as we speak, I don't think it's likely we re-visit that in the short term. Especially seeing the strength in stocks.",https://x.com/DaanCrypto/status/1882170199358517731,tweet,1882170199358517731,,,,
1882111484794126453,DaanCrypto,2025-01-22T17:02:00+00:00,"During this cycle, $BTC.D has consistently moved higher as $BTC has outperformed the majority of alt coins.

Since the elections, it has seen some large volatility and has somewhat stalled its uptrend.

There is however no strong reversal either so I'd suggest to keep an eye on this local range.

Any move below 54% would likely kick off some sort of alt season for a couple of weeks at least. As it would make for a good case of a high on the Bitcoin Dominance chart.

Until then, alt coin outperformers are very sector specific and the runs itself usually don't take much more than a few weeks at best.",https://x.com/DaanCrypto/status/1882111484794126453,tweet,1882111484794126453,,,,
1882107205744468230,DaanCrypto,2025-01-22T16:45:00+00:00,"$STX Still consolidating around support here.

Coingecko recently added a new ""Made in USA"" tag on coins that origin from the US, seeing the recent narrative which has been forming around these coins.

Going to be interesting to see if the current administration indeed goes ahead and announce measures which would benefit these kind of coins.",https://x.com/DaanCrypto/status/1882107205744468230,quote,1882107205744468230,,,1881493470583378288,
1882094479722881046,DaanCrypto,2025-01-22T15:54:26+00:00,@cointradernik Higher,https://x.com/DaanCrypto/status/1882094479722881046,reply,1882068874365124739,1882068874365124739,2372712211,,
1882035987146260620,DaanCrypto,2025-01-22T12:02:00+00:00,"The $TOTAL Altcoin Market Cap is still consolidating beneath its 2021 all time high.

I do think this should make a decent run once it does break that ~$1.7T level and holds above.

Below, the ~$1.27T level is a key support to hold. https://t.co/MPCSn8pWa3",https://x.com/DaanCrypto/status/1882035987146260620,tweet,1882035987146260620,,,,
1881988847091020235,DaanCrypto,2025-01-22T08:54:41+00:00,"@breathingcrypt Were a lot a week or two ago.

Also some post Trump launch",https://x.com/DaanCrypto/status/1881988847091020235,reply,1881975588824723534,1881984833527906500,3380114152,,
1881981766266933714,DaanCrypto,2025-01-22T08:26:33+00:00,@GasFeez Indeed,https://x.com/DaanCrypto/status/1881981766266933714,reply,1881975588824723534,1881976923766841750,1045825472544870400,,
1881981702232576226,DaanCrypto,2025-01-22T08:26:17+00:00,@CryptoJelleNL Yes that's the real secret to the super cycle but people would still rather call for a super cycle after 10xing their net worth in the month prior,https://x.com/DaanCrypto/status/1881981702232576226,reply,1881975588824723534,1881976130686890191,787634466,,
1881975588824723534,DaanCrypto,2025-01-22T08:02:00+00:00,"When the top is actually in, you won’t see your timeline filled with people saying it is in.

When it is in, there will only be calls for much higher prices.

We’ve seen people call for tops since 2023 and it happens several times each cycle.

That’s just how these markets tend to work.",https://x.com/DaanCrypto/status/1881975588824723534,tweet,1881975588824723534,,,,
1881809494331490410,DaanCrypto,2025-01-21T21:02:00+00:00,"$BTC Zooming out puts things in perspective.

The biggest move, generally ooccurs after price has broken its previous cycle high.

Where do you think we top out? https://t.co/zrgYGP8ZyE",https://x.com/DaanCrypto/status/1881809494331490410,tweet,1881809494331490410,,,,
1881738840827662446,DaanCrypto,2025-01-21T16:21:15+00:00,"$ETH Still looks good to me as long as the Daily 200MA/EMA are being held.

Good to see the Ethereum Foundation making changes. But this really needs some big institutional (or government) support/push.

I think the addition of staking yields into the ETH Spot ETFs would be a massive game changer.",https://x.com/DaanCrypto/status/1881738840827662446,tweet,1881738840827662446,,,,
1881686014156312989,DaanCrypto,2025-01-21T12:51:20+00:00,@VitalikButerin Milady,https://x.com/DaanCrypto/status/1881686014156312989,reply,1881680518934384676,1881680518934384676,295218901,,
1881673598995190115,DaanCrypto,2025-01-21T12:02:00+00:00,"$BTC Levels you need for the next week(s).

Think most are better off just waiting patiently until this either sweeps the range high/low again or if we go full on price discovery mode.

Likely choppy until then. https://t.co/PnPOOeUHca",https://x.com/DaanCrypto/status/1881673598995190115,tweet,1881673598995190115,,,,
1881618225529790696,DaanCrypto,2025-01-21T08:21:58+00:00,@MacroCRG This,https://x.com/DaanCrypto/status/1881618225529790696,reply,1881616157880561730,1881616157880561730,236804287,,
1881612949355208788,DaanCrypto,2025-01-21T08:01:00+00:00,"Average Daily RSI is sitting at just 43 across the board.

This does leave room for upside but also shows lack of momentum on most coins, which has been pretty clear.

The sweet spot generally is between 50-70 when things are heating up but aren't overheated just yet. https://t.co/0AVcYXnjtv",https://x.com/DaanCrypto/status/1881612949355208788,tweet,1881612949355208788,,,,
1881448758460006805,DaanCrypto,2025-01-20T21:08:34+00:00,@BolanTrader On most things sure. But simply holding BTC over the past 2 years was a free 7x which outperformed most,https://x.com/DaanCrypto/status/1881448758460006805,reply,1881443862226579822,1881448435506896946,1432044604879163394,,
1881443862226579822,DaanCrypto,2025-01-20T20:49:06+00:00,"$BTC Today was a big day in terms of events & volatility. Inauguration, Trump coin(s) mania and Bitcoin near price discovery.

I said it plenty of times before but spot & chill is the easiest way to navigate this market for most people.

Trading can be nice when easy mode is here, but even now, most coins are choppy and are seeing liquidity rotations all the time. Once coins start clearly trending, that usually makes for a much better trading market.",https://x.com/DaanCrypto/status/1881443862226579822,tweet,1881443862226579822,,,,
1881401859765891572,DaanCrypto,2025-01-20T18:02:12+00:00,"@PaikCapital @JoshuaDeuk It would have spiked BTC to ~110K, followed by a full retrace and momentum/sentiment in shambles.

This is fine, people were expecting too much lol",https://x.com/DaanCrypto/status/1881401859765891572,reply,1881399713364386132,1881399713364386132,1220850904351399936,,
1881386708991963234,DaanCrypto,2025-01-20T17:02:00+00:00,"Honestly, the way Trump has deployed his “projects” makes sense in terms of chain selection.

Strategic Reserve(?) - Focus on $BTC. Hedge against inflation, store of value etc.

World Liberty - Deployed on $ETH. DeFi leader and place for most institutional protocols.

Meme Coins - Deployed on $SOL which has turned into the #1 casino in the world. Main use is meme coins and that’s what people love it for.

Most crypto natives wouldn’t have chosen this selection any different. Obviously there’s a team behind these decisions but it does make sense.

Whether you agree with everything is another question and I won’t get into all that. 

We have come a long way in the past few years and especially the past decade.

2025 might become the most interesting year so far.",https://x.com/DaanCrypto/status/1881386708991963234,tweet,1881386708991963234,,,,
1881377125166637538,DaanCrypto,2025-01-20T16:23:55+00:00,"@gametheorizing Yea max. In the bull.

4 years from now this is <10M",https://x.com/DaanCrypto/status/1881377125166637538,reply,1881376375199895767,1881377046401863765,1081354216843632640,,
1881376857037459472,DaanCrypto,2025-01-20T16:22:51+00:00,"@gametheorizing Lfg! Caught some of it as well so happy about that.

Think it will trade at like 1-2B fdv max once the kids got their respective meme coins as well.",https://x.com/DaanCrypto/status/1881376857037459472,reply,1881376375199895767,1881376375199895767,1081354216843632640,,
1881348793528160681,DaanCrypto,2025-01-20T14:31:20+00:00,@Lexxohm 🫶,https://x.com/DaanCrypto/status/1881348793528160681,reply,1881295611862917583,1881302336070684832,984725176943300609,,
1881346270360383495,DaanCrypto,2025-01-20T14:21:19+00:00,"Funding rates pretty flat but starting to heat up a bit into this inauguration.

Nothing major yet but definitely some longs going into today.

I do belief when $BTC goes in full on price discovery you  don't want to be watching this too much for a while as it tends to stay overheated for weeks when it does.",https://x.com/DaanCrypto/status/1881346270360383495,tweet,1881346270360383495,,,,
1881345540627239341,DaanCrypto,2025-01-20T14:18:25+00:00,"The $NIL airdrop is around the corner.

This is going to be an interesting new launch. Curious to see what FDV's we can see with new big launches these days.",https://x.com/DaanCrypto/status/1881345540627239341,quote,1881345540627239341,,,1881327695260463436,
1881341041422573602,DaanCrypto,2025-01-20T14:00:32+00:00,@DeItaone Volatile time ahead for $DXY,https://x.com/DaanCrypto/status/1881341041422573602,reply,1881338699440587138,1881338699440587138,2704294333,,
1881340593080844635,DaanCrypto,2025-01-20T13:58:45+00:00,@nillion 👀 Airdrop szn,https://x.com/DaanCrypto/status/1881340593080844635,reply,1881327695260463436,1881327695260463436,1372220528518397955,,
1881309391124853200,DaanCrypto,2025-01-20T11:54:46+00:00,"@ea_tmoon I am not touching a single one of my long term spot holdings as we speak.

I'll start scaling out when prices are higher. That's my plan for now :)",https://x.com/DaanCrypto/status/1881309391124853200,reply,1881304794721099921,1881309099369156659,1586332746233757696,,
1881308396655427596,DaanCrypto,2025-01-20T11:50:49+00:00,@ea_tmoon It wouldn't be a black swan if I could predict it :),https://x.com/DaanCrypto/status/1881308396655427596,reply,1881304794721099921,1881305813056422196,1586332746233757696,,
1881304794721099921,DaanCrypto,2025-01-20T11:36:30+00:00,"Today will likely get very volatile in both directions.

Without any clear read/edge I would be careful with your stops as it would not surprise me to see some wicks here and there.

Focus on what you expect for Q1 and not the next day.

If this market goes easy mode, there's no need to risk it all on a single low timeframe trade. Plenty of opportunities.",https://x.com/DaanCrypto/status/1881304794721099921,tweet,1881304794721099921,,,,
1881295611862917583,DaanCrypto,2025-01-20T11:00:01+00:00,"🔔 New Video!

Discussing the recent $TRUMP coin launch, my thoughts on it and how it affects the market.

If you like my content, consider subscribing and leaving a like! It helps to push it in the algorithm. 👍

🔗 https://t.co/OIhhUUfDy4 https://t.co/CBuW0FKfcj",https://x.com/DaanCrypto/status/1881295611862917583,tweet,1881295611862917583,,,,
1881293544482333048,DaanCrypto,2025-01-20T10:51:48+00:00,@AviFelman Congratulations Avi! 🥳,https://x.com/DaanCrypto/status/1881293544482333048,reply,1881289921308344420,1881289921308344420,3364497995,,
1881270678328053839,DaanCrypto,2025-01-20T09:20:56+00:00,@cryptowarmachin Yes,https://x.com/DaanCrypto/status/1881270678328053839,reply,1881267850515792202,1881270594366546321,1458186166050697229,,
1881270628202029295,DaanCrypto,2025-01-20T09:20:44+00:00,"@HuyDrift 1. When you can change your life

Alternatively there are some good high timeframe tool/indicators like Pi Cycle top, puell multiple etc.

Additional to just crazy mania/overheated funding rates/parabolic charts for weeks on end",https://x.com/DaanCrypto/status/1881270628202029295,reply,1881267850515792202,1881269863639134433,1376369128265510912,,
1881267850515792202,DaanCrypto,2025-01-20T09:09:42+00:00,"Don’t question the rationality.

Don’t question the silliness.

Especially don’t question the yields.

Just embrace it and turn your brain off, or you’ll go crazy and underperform heavily during this phase of the cycle.

Just don’t forget to sell at some point :)",https://x.com/DaanCrypto/status/1881267850515792202,tweet,1881267850515792202,,,,
1881246445220868443,DaanCrypto,2025-01-20T07:44:39+00:00,"$BTC Opened up with a small CME gap today but closed that straight away and went straight to new all time highs.

Good start of the week, which is going to be a very interesting one. https://t.co/89HuFW83WD",https://x.com/DaanCrypto/status/1881246445220868443,tweet,1881246445220868443,,,,
1881112755740242424,DaanCrypto,2025-01-19T22:53:25+00:00,"In the end I think this will just be a bump in the road as we’ve seen with many things prior.

Focus on the long term and you’ll be fine :)",https://x.com/DaanCrypto/status/1881112755740242424,reply,1881092044078071920,1881092044078071920,918138253617790976,,
1881093288146645412,DaanCrypto,2025-01-19T21:36:03+00:00,"@MeanStreak2021 Well, that was always somewhat questionable, but this one kinda seals the deal on that view",https://x.com/DaanCrypto/status/1881093288146645412,reply,1881092044078071920,1881092838022402231,1300441878593241090,,
1881092044078071920,DaanCrypto,2025-01-19T21:31:06+00:00,"Melania Trump coin launched. This is obviously a huge disappointment as it will dillute the Trump coin as well as the fact that more are likely to come which will just make it into one giant mess.

Everything going to dillute each other, massive PVP between every coin and in the end people are going to be severely hit. 

One coin was doable, but they are showing their hand and we'll likely see more family members get their own coin which just screws over everything else.

Anyways, hope we can move on from buying these things in general as an industry but I suspect it might take some short term pain for that to occur.

I'm not actively trading this and it will blow over but this is not what you'd want to be seeing now.",https://x.com/DaanCrypto/status/1881092044078071920,tweet,1881092044078071920,,,,
1881084466711437583,DaanCrypto,2025-01-19T21:01:00+00:00,"The $TOTAL Altcoin market cap is on the brink of a breakout to new all time highs.

That's usually when the real fun begins. https://t.co/jxr1mg9Fqe",https://x.com/DaanCrypto/status/1881084466711437583,quote,1881084466711437583,,,1877692481384378591,
1881029987752702040,DaanCrypto,2025-01-19T17:24:31+00:00,"@Jaws645034 Everything else got sold off into SOL/USDC to get those funds on the SOL chain to ape the Trump token.

It's pretty simple and exactly what happened",https://x.com/DaanCrypto/status/1881029987752702040,tweet,1880915665009127789,,,,
1881006703086653783,DaanCrypto,2025-01-19T15:52:00+00:00,"@0129202S Jan 28-29 2021. Over a 10x.

And yes, he could. Doubt he will but we'll see. https://t.co/8F1FUJeydJ",https://x.com/DaanCrypto/status/1881006703086653783,reply,1881001342766051533,1881006172565799024,1847801906652917760,,
1881004916455649284,DaanCrypto,2025-01-19T15:44:54+00:00,@seedphrase @VitalikButerin Now that would be something,https://x.com/DaanCrypto/status/1881004916455649284,reply,1880771526385164329,1880771526385164329,3005650652,,
1881004805625438443,DaanCrypto,2025-01-19T15:44:27+00:00,@QDagelet 🫶,https://x.com/DaanCrypto/status/1881004805625438443,reply,1881001342766051533,1881003130760081574,1157355544899981313,,
1881001803929821594,DaanCrypto,2025-01-19T15:32:32+00:00,@ReetikaTrades @moonshot Yes,https://x.com/DaanCrypto/status/1881001803929821594,reply,1881000823347433784,1881000823347433784,3405743353,,
1881001342766051533,DaanCrypto,2025-01-19T15:30:42+00:00,"Pumps like $TRUMP show the people what's possible.

It lets imaginations run wild of coins running to 10s or 100s of billions of market caps in weeks or even days.

$DOGE did this in 2021, it soaked up all liquidity from the market, which traded down while it 10xed in 2 days.

What followed was a massive mania phase where everything giga pumped.

The crypto natives were shown what was possible. The outsiders were shown what was possible paired with massive media attention.

You might be sad that your coins didn't pump much yet. But your no coiner neighbour sees a Trump inauguration, a Trump meme coin running to $75B FDV in 2 days and hears about rumours of a Strategic Bitcoin Reserve and wants in on the action. He's not sad because he doesn't own anything yet. He's optimistic he can make it in this crypto market. Now there's also the added benefit that the boomers can just buy $BTC & $ETH straight from their regular stock brokers using the ETFs. How much easier can it get?

So this entire situation feels like short term pain for long term gain (for anything that got hit in recent days).",https://x.com/DaanCrypto/status/1881001342766051533,quote,1881001342766051533,,,1880915665009127789,
1880997592341094647,DaanCrypto,2025-01-19T15:15:47+00:00,"@ReetikaTrades No we can't. That's the beauty of it.

Let the speculation run wild",https://x.com/DaanCrypto/status/1880997592341094647,reply,1880996494821761194,1880996494821761194,3405743353,,
1880944919935844845,DaanCrypto,2025-01-19T11:46:29+00:00,@HsakaTrades Definitely entertaining,https://x.com/DaanCrypto/status/1880944919935844845,reply,1880935882980737038,1880935882980737038,944686196331966464,,
1880926157610315848,DaanCrypto,2025-01-19T10:31:56+00:00,@D3nnis_78 https://t.co/wOJUmhvYuc,https://x.com/DaanCrypto/status/1880926157610315848,quote,1880915665009127789,1880919931543601571,1366054916012314627,1880925329335922992,
1880926018149789905,DaanCrypto,2025-01-19T10:31:23+00:00,@imranMD09 🫡,https://x.com/DaanCrypto/status/1880926018149789905,reply,1880915665009127789,1880917844525007349,946786239599882240,,
1880925964810768835,DaanCrypto,2025-01-19T10:31:10+00:00,@meatportmusic Was a good top signal back in the day 😅,https://x.com/DaanCrypto/status/1880925964810768835,reply,1880915665009127789,1880921015523676504,770472818060451840,,
1880925854458650631,DaanCrypto,2025-01-19T10:30:44+00:00,@itzzzmeMaaaario Either*,https://x.com/DaanCrypto/status/1880925854458650631,reply,1880915665009127789,1880925329335922992,918138253617790976,,
1880925329335922992,DaanCrypto,2025-01-19T10:28:39+00:00,"@itzzzmeMaaaario Because when the market tops out, things like these (which will also crash like the rest) will just compound on the bad news and sentiment which there already is

Also more money being extracted by non native crypto people which doesn’t help wither.",https://x.com/DaanCrypto/status/1880925329335922992,reply,1880915665009127789,1880918951187877894,1288142127214530562,,
1880918649420320941,DaanCrypto,2025-01-19T10:02:06+00:00,@pepegreencandle I'm definitely not fading it no.,https://x.com/DaanCrypto/status/1880918649420320941,reply,1880915665009127789,1880917598201868575,1872443105464471552,,
1880918464380256677,DaanCrypto,2025-01-19T10:01:22+00:00,@invest_reality @realDonaldTrump Thanks for sharing!,https://x.com/DaanCrypto/status/1880918464380256677,reply,1880918265712742607,1880918265712742607,1244987682691956738,,
1880918404242321743,DaanCrypto,2025-01-19T10:01:08+00:00,@JackGovinda 🤝,https://x.com/DaanCrypto/status/1880918404242321743,reply,1880915665009127789,1880918361401704848,1666957337205133313,,
1880917337177833962,DaanCrypto,2025-01-19T09:56:53+00:00,@DoopieCash hahaha,https://x.com/DaanCrypto/status/1880917337177833962,reply,1880915665009127789,1880916673487945741,984731455942221825,,
1880915665009127789,DaanCrypto,2025-01-19T09:50:14+00:00,"Some thoughts on the $TRUMP situation:

- Because of the Trump launch, which just hit 70B FDV, it siphoned away all the liquidity from existing alts and into TRUMP, SOL and some others. This is simply because people sell their coins to buy TRUMP. There's simply not enough liquidity in such a short time span and especially during a weekend.

- Only thing standing strong is $BTC, which is because it is large and also because holders like ETFs etc are not the ones that are selling coins into TRUMP. Its holder base is more boomer like and generally holds stronger without chasing a new coin or narrative like this.

- ETH is mixed. It also has an ETF but obviously people see this Trump coin on Solana as a loss for ETH and a win for SOL. I do see a case where they might go multichain with the coin and add it to something like the ETH & Base network in the future. Trump's DeFi project is on ETH as well after all. That would spur renewed interest in these chains and would make for a good case of a market wide alt season I think. We'll see.

- Although the coins might be hurting short term. It was bound to happen with a launch like this. There just isn't enough liquidity in such a short time span. But on the other hand, the new inflow of liquidity will be large I think. I don't see a world where the media isn't absolutely filled with good/bad news about this  coin for the next few weeks, which sparks renewed interest in the crypto market by a lot of participants.

- The fact this coin was created, makes it much more likely that the Strategic Bitcoin Reserve is created and that they will buy new bitcoin (and maybe other coins?) as well. That just isn't such a crazy thing to imagine anymore after this. If we'd go by the assumption that Trump and his team would be profit maximalising, it would make sense from a personal standpoint as well.

- Something else this thing creates, is it makes people wonder what is possible again. In 2021 we had coins in the 100s of billions of FDVs and it was normal for coins to trade at insane amounts. When the sky is the limit, it builds a good base for crazy parabolic runs on coins which people think weren't possible initially.

- At some point when the market is toppish and the unlocks start coming in, this thing will crash down and make the entire situation a big mess. I won't be trading it anytime soon personally.

To conclude: I see a lot of pessimism and negativity because people are obviously mad about the ethics and the fact that their coins are down due to this. All I want to say is yes, those can both be right, depending on your stance. But also give it some more time. I think the market might enjoy this more than you think in the weeks to come. Especially when something happens where they bring the Trump coin to several chains (including ETH) which would make the entire market go crazy in my opinion. What this does for the market years out is another question, but not something you should worry about right now.

If I would summarize the Trump coin situation for the rest of the market: 
Short term (now) = Bad
Mid term = Good
Long term = Bad

Good luck out there!",https://x.com/DaanCrypto/status/1880915665009127789,tweet,1880915665009127789,,,,
1880900843517665688,DaanCrypto,2025-01-19T08:51:21+00:00,"@Rewkang It already is based on FDV.

Crazy market lol",https://x.com/DaanCrypto/status/1880900843517665688,reply,1880900715520106631,1880900715520106631,1138033434,,
1880893419578634326,DaanCrypto,2025-01-19T08:21:51+00:00,"$BTC Doing what it does best and that is moving sideways during the weekend.

Unbothered by all the $TRUMP coin shenanigans which is siphoning money out of almost every other alt this weekend.

Very curious to see how everything moves next week with all this going on. https://t.co/ys7NSpJcIY",https://x.com/DaanCrypto/status/1880893419578634326,tweet,1880893419578634326,,,,
1880722330646630877,DaanCrypto,2025-01-18T21:02:00+00:00,"$TOTAL Crypto Market Cap has shortly retested its 2021 highs and has bounced nicely from that point.

This looks good for further price discovery to me. Chart is strong and the up trend is clear. https://t.co/6u5dz5iYJ0",https://x.com/DaanCrypto/status/1880722330646630877,tweet,1880722330646630877,,,,
1880657301679608154,DaanCrypto,2025-01-18T16:43:36+00:00,"$BTC Clean retest of the prior yearly high.

Looks good for a move to the all time high next week as long as that ~$102.7K level is held. https://t.co/sfqcw1OYrm",https://x.com/DaanCrypto/status/1880657301679608154,tweet,1880657301679608154,,,,
1880607912948826541,DaanCrypto,2025-01-18T13:27:21+00:00,@HsakaTrades Oof,https://x.com/DaanCrypto/status/1880607912948826541,reply,1880605175263662479,1880605175263662479,944686196331966464,,
1880607829826162778,DaanCrypto,2025-01-18T13:27:01+00:00,@coinmamba Wish it did,https://x.com/DaanCrypto/status/1880607829826162778,reply,1880582922488496154,1880599317477810629,36691434,,
1880600221102846050,DaanCrypto,2025-01-18T12:56:47+00:00,"Good example of why I generally don't trade these big unlock days. This chart has just chopped up a lot of people.

Early shorts got rinsed, longs got taken out afterwards. Pain for both sides. https://t.co/umLnMmvgyc",https://x.com/DaanCrypto/status/1880600221102846050,quote,1880600221102846050,,,1879861335975931966,
1880584915215135119,DaanCrypto,2025-01-18T11:55:58+00:00,@seanpaszkwil I think it launched at like ~$100M-$200M FDV? But it obviously instantly ran up,https://x.com/DaanCrypto/status/1880584915215135119,reply,1880582922488496154,1880583299728617618,1464831811,,
1880582922488496154,DaanCrypto,2025-01-18T11:48:02+00:00,"$BTC Market sold off after the $TRUMP coin took away all the liquidity over the past hours.

Still just weekend so I'm assuming we'll just trade back to the CME close price and see from there.

Probably some good deals out there on coins that got dumped so people could ape the Trump coin.",https://x.com/DaanCrypto/status/1880582922488496154,tweet,1880582922488496154,,,,
1880581727334359412,DaanCrypto,2025-01-18T11:43:17+00:00,"$CPOOL Saw a +70% move from that $0.27 level which we were looking at.

Now retesting the previous cycle highs which would make for a nice retake.

Clearpool got listed on the Binance Wallet recently as well which is nice to have. https://t.co/VlzLHP7jDm",https://x.com/DaanCrypto/status/1880581727334359412,quote,1880581727334359412,,,1879448846516064450,
1880525785762505172,DaanCrypto,2025-01-18T08:01:00+00:00,"Having a trading system that works for you and fits your risk appetite is something every trader should strive for.

But intuition will always be that one factor which can’t easily be replicated. It’s something that comes with experience and differentiates the good traders from the best.",https://x.com/DaanCrypto/status/1880525785762505172,tweet,1880525785762505172,,,,
1880381499373138158,DaanCrypto,2025-01-17T22:27:39+00:00,"@BoardInvestor Generally think CME chop has a good chance.

But seeing we’re close to all time high/price discovery the odds of that happening do go down.

So answer is: Yes, but not as likely as usual. So not trading it personally",https://x.com/DaanCrypto/status/1880381499373138158,reply,1880366631290908861,1880374572094267825,1258055136183803908,,
1880366631290908861,DaanCrypto,2025-01-17T21:28:35+00:00,"$BTC Trading past its mid range and range high.

The all time high will be a breeze to break through once this clears this range high and holds it on the daiily

Generally doubt we'll find a lot of resistance above here seeing price is still mostly in price discovery and this range has not taken a massive amount of time yet.",https://x.com/DaanCrypto/status/1880366631290908861,quote,1880366631290908861,,,1879461522612551801,
1880299293862437229,DaanCrypto,2025-01-17T17:01:00+00:00,"It took 5 days of up only for the Coinbase AppStore ranking to get back from place 185 to now 35.

It also took 5 days for people calling for a cycle top to people calling for 200K again.

Just shows you how volatile the retail side of things is. Prices up and they get hyped, prices down and they lose interest.

Higher is good for momentum, but once this hits #1 for a prolonged timea, like last cycle, it's time to start being cautious. As that generally means peak euphoria/retail and coincides with a top.",https://x.com/DaanCrypto/status/1880299293862437229,tweet,1880299293862437229,,,,
1880224047902126471,DaanCrypto,2025-01-17T12:02:00+00:00,"$BTC Has broken out. The main level to look out for next is the yearly high right below $103K.

Clearing that would make a new higher high and clear the way to the all time high again. https://t.co/jckqhvgCCp",https://x.com/DaanCrypto/status/1880224047902126471,tweet,1880224047902126471,,,,
1880163397842661507,DaanCrypto,2025-01-17T08:01:00+00:00,"$BTC The start of the year has been choppy, but with BTC being back in the green, the year is back in line with most of its recent years.

Generally Q1 has been good for BTC, especially in the post-halving years (2013, 2017 & 2021).

Let's see if that continues. https://t.co/k0tcttLJIi",https://x.com/DaanCrypto/status/1880163397842661507,tweet,1880163397842661507,,,,
1879997303425049031,DaanCrypto,2025-01-16T21:01:00+00:00,"$BTC Still consolidating around the $100K region. It has failed to break through this diagonal trend line on this attempt.

I am expecting a quick move towards new all time highs when it does break.

The blue boxes are some simple Fibonacci extensions which could be some targets to look out for if BTC were to go back into price discovery.",https://x.com/DaanCrypto/status/1879997303425049031,tweet,1879997303425049031,,,,
1879995196303397336,DaanCrypto,2025-01-16T20:52:38+00:00,@devchart 🫡,https://x.com/DaanCrypto/status/1879995196303397336,reply,1879993129568465068,1879993129568465068,1078362309687472134,,
1879937660749508674,DaanCrypto,2025-01-16T17:04:00+00:00,"$DOGE Has retaken the important ~$0.35 price level.

This has held stronger on this second flush than most coins, where $BTC, $ETH and many others made new lows on this week's flush, DOGE made a nice higher low and trades back within its local range.

I would want to see this trade back above $0.4 to make another go at the cycle highs.

It's BTC and the Dino coins like DOGE & XRP that are strongest in this current market.",https://x.com/DaanCrypto/status/1879937660749508674,tweet,1879937660749508674,,,,
1879903452379447495,DaanCrypto,2025-01-16T14:48:04+00:00,@movementfdn 👏🇺🇸,https://x.com/DaanCrypto/status/1879903452379447495,reply,1879895639515168780,1879895639515168780,1502034905206722563,,
1879861759596732823,DaanCrypto,2025-01-16T12:02:24+00:00,"@degenio3 https://t.co/OExRlGhdo7

Good question. Hope this helps :)",https://x.com/DaanCrypto/status/1879861759596732823,quote,1879849005146087577,1879856126843650472,1636425391421177870,1879861335975931966,
1879861335975931966,DaanCrypto,2025-01-16T12:00:43+00:00,"About Large Token Unlocks 📚

Large token unlocks are a bit difficult to navigate as price action into and after the event, can vary greatly.

On one hand, the unlock is known in advance, there's usually OTC sales before and also a lot of hedging  (which unwinds after). The latter also causes funding rates to go deeply into the negative which means shorts are paying a hefty premium to keep their positions open.

On the other hand, it is still a large unlock and can sometimes account for a 100%+ supply increase. So even if a relatively small part of the tokens get sold on the open market, it will weigh down on price.

Generally speaking, what happens is very market and team/investor dependent.

Some teams/investors opt to extend the unlock or have put in measures (by selling OTC against a discount with a vesting attached) to limit the potential selling when the unlock occurs. This spreads out the potential supply hitting the market over a longer period of time to help absorb the selling.

Also, when the market is going ballistic and everything is pumping, these unlocks usually just tend to squeeze out the shorts that have piled in and the actual selling doesn't come until the market has cooled off.

So there's no easy approach here, it's dependent on multiple variables. Usually people trying to trade it get chopped up or eat a lot of funding rates when doing so. I've tried trading these in previous years with varied results. But have found no clear edge personally.",https://x.com/DaanCrypto/status/1879861335975931966,quote,1879861335975931966,,,1879856126843650472,
1879849005146087577,DaanCrypto,2025-01-16T11:11:43+00:00,"Which sector does your portfolio have most exposure to right now? (Excluding $BTC, $ETH & $SOL)",https://x.com/DaanCrypto/status/1879849005146087577,tweet,1879849005146087577,,,,
1879801261668684126,DaanCrypto,2025-01-16T08:02:00+00:00,"You'll feel FOMO, You'll feel Fear.

It's part of the game we're playing and you'll get better at controlling these emotions the longer you're in it.

You'll make it easiest for yourself if you focus on the long term and don't overleverage. Today or tomorrow's price doesn't matter in the grand scheme of things.",https://x.com/DaanCrypto/status/1879801261668684126,tweet,1879801261668684126,,,,
1879626767419490561,DaanCrypto,2025-01-15T20:28:37+00:00,@BrazueladelSur Neither do I,https://x.com/DaanCrypto/status/1879626767419490561,reply,1879623855641149511,1879626511650857418,1863177451200729088,,
1879623855641149511,DaanCrypto,2025-01-15T20:17:03+00:00,"$BTC This cycle can be summarized pretty easily.

🔸 Q1 and Q4 see short explosive rallies in both 2023 and 2024.

🔸 Q2 and Q3 are generally slow and see sideways choppy price action.

It's clear that the one thing you did not want to do is try to time the market. Unless you sold near the top, there's a good chance that you'd get sidelined right when a quick 50%+ move in 1-2 months occurred. Missing one of these moves would have significantly reduced your returns on BTC for this cycle, while drawdowns were not as large. Hence, the spot & chill approach is great for most investors holding Bitcoin.",https://x.com/DaanCrypto/status/1879623855641149511,tweet,1879623855641149511,,,,
1879574769433289030,DaanCrypto,2025-01-15T17:02:00+00:00,"$ETH Tapped its daily 200MA/EMA and has bounced.

It will be key to hold on to these in the short/mid term or this will be testing the big $2.8K level.

As you can see, $4K has acted as a big resistance so far this cycle. I would assume it breaks on the next attempt but as we speak, price is quite far away.",https://x.com/DaanCrypto/status/1879574769433289030,tweet,1879574769433289030,,,,
1879545017355952368,DaanCrypto,2025-01-15T15:03:47+00:00,@tier10k Send all the coins that got sued by the SEC,https://x.com/DaanCrypto/status/1879545017355952368,reply,1879543261926457734,1879543261926457734,2361601055,,
1879532905841721597,DaanCrypto,2025-01-15T14:15:39+00:00,@Tim_4444 Well said,https://x.com/DaanCrypto/status/1879532905841721597,reply,1879530658868895892,1879530658868895892,1342161424630636544,,
1879530649767534856,DaanCrypto,2025-01-15T14:06:41+00:00,"$BTC Good CPI print. Should clear the inflation fear narrative for a bit.

Diagonal trend line test getting close.

$DXY & Yields saw a solid move down. Stocks strong.

NY Open in ~30 minutes so let's see how we do the rest of the day. https://t.co/DChyInEreA",https://x.com/DaanCrypto/status/1879530649767534856,tweet,1879530649767534856,,,,
1879508029416333426,DaanCrypto,2025-01-15T12:36:48+00:00,@thedefivillain What about $589?,https://x.com/DaanCrypto/status/1879508029416333426,reply,1879498470371058141,1879498470371058141,1522870521414787072,,
1879507689036001604,DaanCrypto,2025-01-15T12:35:27+00:00,@rj_trading1 Yes,https://x.com/DaanCrypto/status/1879507689036001604,reply,1879506319398310070,1879507559532597462,929447345640665088,,
1879507044543385900,DaanCrypto,2025-01-15T12:32:53+00:00,@GrandpaJay_ 🤝,https://x.com/DaanCrypto/status/1879507044543385900,reply,1879506319398310070,1879506496582713413,1459254125372264453,,
1879506319398310070,DaanCrypto,2025-01-15T12:30:00+00:00,"In 1 hour we'll get the CPI print.

We got a below estimated PPI yesterday, but this failed to significantly move $DXY or Bond Yields back down.

Eyes are on this CPI print to see if the recent fears of inflation increasing were justified or not.

Although price action might get choppy initially, I suspect a higher than expected reading won't be perceived well by risk assets.

Vice versa for a lower than expected reading, which might relieve some downwards pressure on risk assets by bringing $DXY and Yields back down a bit.

And as always, the market's reaction to the data is more important than the data itself.",https://x.com/DaanCrypto/status/1879506319398310070,tweet,1879506319398310070,,,,
1879492415947690000,DaanCrypto,2025-01-15T11:34:45+00:00,@AltcoinSherpa Gm!,https://x.com/DaanCrypto/status/1879492415947690000,reply,1879492349509939517,1879492349509939517,1068237257977544704,,
1879463373282431339,DaanCrypto,2025-01-15T09:39:21+00:00,@samjoleary @CryptoKaduna @scottmelker @TheCryptoLark @Overdose_AI @MasonVersluis 🫶,https://x.com/DaanCrypto/status/1879463373282431339,reply,1879393944423018940,1879393944423018940,731966054,,
1879463212539867335,DaanCrypto,2025-01-15T09:38:43+00:00,@CryptoJelleNL Indeed,https://x.com/DaanCrypto/status/1879463212539867335,reply,1879461522612551801,1879463000958198213,787634466,,
1879461522612551801,DaanCrypto,2025-01-15T09:32:00+00:00,"$BTC Strong move back to the mid range of this ~$100K price region range.

The fun won't start until this is back above $105K+ and preferably into price discovery.

The craziness for alts won't start before $ETH is back above its cycle high at $4.1K+.

CPI later today which could stir things up in the short term. So keep that in mind.",https://x.com/DaanCrypto/status/1879461522612551801,quote,1879461522612551801,,,1878908530717339850,
1879449809750487349,DaanCrypto,2025-01-15T08:45:27+00:00,"$XRP There it goes.

Eyes on the local/cycle highs. https://t.co/tmq0yywqof",https://x.com/DaanCrypto/status/1879449809750487349,quote,1879449809750487349,,,1878124611532947907,
1879448846516064450,DaanCrypto,2025-01-15T08:41:38+00:00,"$CPOOL Held nicely at that $0.27 level which we discussed.

Looking for this to retake ~$0.39 for the bulls to be back in control.

First proper correction and higher low made in this larger up trend. Looks good as long as we hold here. https://t.co/QYO3loz2UU",https://x.com/DaanCrypto/status/1879448846516064450,quote,1879448846516064450,,,1877690919245234438,
1879447352311980329,DaanCrypto,2025-01-15T08:35:41+00:00,"$STX Swept its pre-election lows and is bouncing.

Would want to see this move from here and get above that big green area which has seen a lot of action over the past year.

Key area to retake for continuation higher. https://t.co/svlLWWhAmo",https://x.com/DaanCrypto/status/1879447352311980329,tweet,1879447352311980329,,,,
1879438622023442680,DaanCrypto,2025-01-15T08:01:00+00:00,"Not a bad time to think about your portfolio and determine which coins you still have conviction in and which ones you should get rid of.

A few random small holdings concentrated in a bigger conviction play generally works out better in the long run. Especially in this cycle, where moves are more sector specific.",https://x.com/DaanCrypto/status/1879438622023442680,tweet,1879438622023442680,,,,
1879273031044116499,DaanCrypto,2025-01-14T21:03:00+00:00,"$BTC Liquidity chart showing that important area around $90K which was swept yesterday.

That $90K level will be key going forward in the short/mid term.

Above, the yearly high at ~$103K is one to break for the bulls to make another go at the all time high after. https://t.co/jHrqWBHECN",https://x.com/DaanCrypto/status/1879273031044116499,tweet,1879273031044116499,,,,
1879211060735225931,DaanCrypto,2025-01-14T16:56:45+00:00,@gametheorizing @ttmygh Definitely sounds about right,https://x.com/DaanCrypto/status/1879211060735225931,reply,1879199483889856755,1879199483889856755,1081354216843632640,,
1879201857840804191,DaanCrypto,2025-01-14T16:20:11+00:00,Would be a good time to get those FTX cash distributions in so we got a few billion of extra capital that could start bidding. https://t.co/oxwkTpqGGD,https://x.com/DaanCrypto/status/1879201857840804191,tweet,1879201857840804191,,,,
1879199832788885965,DaanCrypto,2025-01-14T16:12:08+00:00,"$ROSE Still sitting at this massive horizontal support area after sweeping the local lows.

Looking for a move back above the Daily 200MA/EMA for the bulls to be back in control. https://t.co/ppDrwsledl",https://x.com/DaanCrypto/status/1879199832788885965,quote,1879199832788885965,,,1879189231857213666,
1879131324101075384,DaanCrypto,2025-01-14T11:39:54+00:00,@wealthmanager There's an inverse cramer ETF,https://x.com/DaanCrypto/status/1879131324101075384,reply,1879129499645956466,1879130657781404047,1722240959952674816,,
1879131269558317479,DaanCrypto,2025-01-14T11:39:41+00:00,@Tim_4444 It's a sight to behold lol,https://x.com/DaanCrypto/status/1879131269558317479,reply,1879129499645956466,1879129876499968327,1342161424630636544,,
1879129499645956466,DaanCrypto,2025-01-14T11:32:39+00:00,Never understimate the power of strong counter signals. https://t.co/mRiTTgkAOp,https://x.com/DaanCrypto/status/1879129499645956466,tweet,1879129499645956466,,,,
1879076234446909710,DaanCrypto,2025-01-14T08:01:00+00:00,"Patience and Discipline will get you very far.

In this market, you don't need to be an insane trader or make super risky bets.

You generally get a good 1-2 years to buy at a relatively good price.

Then you wait it out for another ~2 years and sell when people get overexcited. This is just when investing in $BTC. Alts obviously take more effort and managing, especially this cycle.

Much easier said than done of course, because there's a lot of roadbloacks in that journey. But this passive approach does generally make you outperform the majority of people.",https://x.com/DaanCrypto/status/1879076234446909710,tweet,1879076234446909710,,,,
1878908530717339850,DaanCrypto,2025-01-13T20:54:36+00:00,"$BTC Range low swept and a decent reaction so far.

Let's see how this does over the remainder of the week. I'm just chilling in my spot positions and not actively trading anything as we speak. https://t.co/hFjxkd4Myp",https://x.com/DaanCrypto/status/1878908530717339850,tweet,1878908530717339850,,,,
1878827814872625652,DaanCrypto,2025-01-13T15:33:52+00:00,@tier10k The Tether Fud is back in the menu for 2025 after this announcement,https://x.com/DaanCrypto/status/1878827814872625652,reply,1878823218443878679,1878823218443878679,2361601055,,
1878805482191933917,DaanCrypto,2025-01-13T14:05:08+00:00,"@cryptoLST Yes, we got that one additional move up last week which was absent in last year's price action.",https://x.com/DaanCrypto/status/1878805482191933917,reply,1878803268752838941,1878803677026419006,1480200189734436865,,
1878805324527989045,DaanCrypto,2025-01-13T14:04:30+00:00,@tuu0312 Doing my part 🫡,https://x.com/DaanCrypto/status/1878805324527989045,reply,1878803268752838941,1878804082921795880,1379834646830010368,,
1878805231934591482,DaanCrypto,2025-01-13T14:04:08+00:00,@CryptoJelleNL Market is a loop,https://x.com/DaanCrypto/status/1878805231934591482,reply,1878803268752838941,1878804717457052135,787634466,,
1878803268752838941,DaanCrypto,2025-01-13T13:56:20+00:00,$BTC Are we living in a simulation? https://t.co/8VKoV5Zh8G,https://x.com/DaanCrypto/status/1878803268752838941,tweet,1878803268752838941,,,,
1878800756041777660,DaanCrypto,2025-01-13T13:46:21+00:00,"$ETH Levels of interest for me:

That ~$2.8K zone is definitely a key one.

Would be happy to bid there if we see some bid coming in and price doesn't just hang out at that level but actually bounces.

Easiest way would be to wait for the sweep first and watch closely upon the ~$3K retake.

No need to knife catch.",https://x.com/DaanCrypto/status/1878800756041777660,tweet,1878800756041777660,,,,
1878770634676998313,DaanCrypto,2025-01-13T11:46:39+00:00,@kerv_al loool,https://x.com/DaanCrypto/status/1878770634676998313,tweet,1878765941913534507,,,,
1878769082612465811,DaanCrypto,2025-01-13T11:40:29+00:00,@theo_crypto99 Looks about right,https://x.com/DaanCrypto/status/1878769082612465811,reply,1878766917378584691,1878766917378584691,949619698387349505,,
1878768324043247980,DaanCrypto,2025-01-13T11:37:28+00:00,"@d_lennertz Means nothing in the short term.

Will get interesting the moment prices stabilize and funding remains negative. That's when shorts might get incentivized to start closing out to avoid paying funding.",https://x.com/DaanCrypto/status/1878768324043247980,reply,1878765941913534507,1878767237663977493,1404977954858455054,,
1878766276610585065,DaanCrypto,2025-01-13T11:29:20+00:00,"@eyezeefour OI doesn't say anything about funding rates.

Funding rates are determined by the difference between the futures/perpetuals prices vs the spot prices.",https://x.com/DaanCrypto/status/1878766276610585065,reply,1878765941913534507,1878766070011773264,877894180961492993,,
1878765941913534507,DaanCrypto,2025-01-13T11:28:00+00:00,"The last time $BTC & $ETH Funding rates were this low was in August, surrounding the Yen carry trade correction. https://t.co/ebodxEHGCS",https://x.com/DaanCrypto/status/1878765941913534507,quote,1878765941913534507,,,1878761723886268916,
1878763637168574720,DaanCrypto,2025-01-13T11:18:51+00:00,@baron_m0 $85-90K is good to watch,https://x.com/DaanCrypto/status/1878763637168574720,reply,1878761723886268916,1878762094876864745,1291653741691777024,,
1878762485630841096,DaanCrypto,2025-01-13T11:14:16+00:00,@vyktorjonas I agree. That's why a wick/sweep would be good to see,https://x.com/DaanCrypto/status/1878762485630841096,tweet,1878761723886268916,,,,
1878761723886268916,DaanCrypto,2025-01-13T11:11:15+00:00,"$BTC A bunch of shorts have entered the market the past few hours.

But the fact that price just keeps slowly dribbling back down instead of punishing these is something worth noting. Generally, if the bulls are in control, and shorts enter at support they get punished instantly. That's not the case here.

At some point, the shorts will have to close out, but they probably won't do so before pushing the market down further combined with the spot selling from Coinbase.

Generally the slow grinds down end in a violent wick after which shorts take profit and we see a (local) bottom. I'm not interested in trading either direction until we see a big move occur first vs this slow bleed down.",https://x.com/DaanCrypto/status/1878761723886268916,tweet,1878761723886268916,,,,
1878758901186965537,DaanCrypto,2025-01-13T11:00:02+00:00,"🔔 New Video!

Discussing the choppy/disappointing start of 2025 and my view on Q1.

If you like my content, consider subscribing and leaving a like! It helps to push it in the algorithm. 👍

🔗 https://t.co/MfpsYI7QgL https://t.co/WRdmtODSX6",https://x.com/DaanCrypto/status/1878758901186965537,tweet,1878758901186965537,,,,
1878709164681441576,DaanCrypto,2025-01-13T07:42:24+00:00,"$BTC No CME Gap was created this weekend as it got closed straight away at the open.

New week ahead! https://t.co/NHttR3sDXg",https://x.com/DaanCrypto/status/1878709164681441576,quote,1878709164681441576,,,1877982317475454983,
1878548003814014989,DaanCrypto,2025-01-12T21:02:00+00:00,"$BTC Still stuck in this late 2024/early 2025 range.

Keep an eye on these levels and don't get chopped up until then. There will be plenty of room to capture larger moves upon breaking this range. https://t.co/wIIJI1GNCm",https://x.com/DaanCrypto/status/1878548003814014989,quote,1878548003814014989,,,1876011037008486554,
1878487354064908459,DaanCrypto,2025-01-12T17:01:00+00:00,"Looking at the TOTAL 3 (Altcoin Market Cap) divided by the BTC price can give a good idea of the BTC or Altcoin momentum relative to each other.

Excactly 4 years ago, altcoins started an explosive rally relative to BTC. This was about a month after BTC broke its 2017 all time high (at $20K) and started consolidating.

Let's see how this year plays out. Keep an eye on these momentum indicators.",https://x.com/DaanCrypto/status/1878487354064908459,tweet,1878487354064908459,,,,
1878432227727471056,DaanCrypto,2025-01-12T13:21:57+00:00,@sergio_tesla_ Well deserved!,https://x.com/DaanCrypto/status/1878432227727471056,reply,1878414353243812347,1878414353243812347,1605550917893382145,,
1878412108078911932,DaanCrypto,2025-01-12T12:02:00+00:00,"People will get the loudest at local tops & bottoms.

Don't let opinions on here influence your own thinking. It generally only puts you off.

You can use other ideas or biases to strengthen your own analysis but there's a thin line between getting influenced and using it to your benefit.

The majority of people will tell you to buy more on leverage when it's time to sell.

Just like they will tell you prices are going much lower when it's time to buy.",https://x.com/DaanCrypto/status/1878412108078911932,tweet,1878412108078911932,,,,
1878385600815841738,DaanCrypto,2025-01-12T10:16:40+00:00,@MacroCRG Same,https://x.com/DaanCrypto/status/1878385600815841738,reply,1878378045771325737,1878378045771325737,236804287,,
1878351458443354256,DaanCrypto,2025-01-12T08:01:00+00:00,"The $TOTAL Crypto Market Cap still just consolidating above its previous all time high.

High timeframe up trend still very much alive. Zoom out. https://t.co/OEsZaG53Bv",https://x.com/DaanCrypto/status/1878351458443354256,tweet,1878351458443354256,,,,
1878185363996618811,DaanCrypto,2025-01-11T21:01:00+00:00,"$BTC.D Has historically moved down considerably in the post halving (and last) year of the cycle.

This is generally when retail comes in the market and the euphoria stage occurs with inflated prices on many altcoins. https://t.co/IviNxQ39iS",https://x.com/DaanCrypto/status/1878185363996618811,tweet,1878185363996618811,,,,
1878161755077046488,DaanCrypto,2025-01-11T19:27:11+00:00,@Dentoshi 🤝,https://x.com/DaanCrypto/status/1878161755077046488,reply,1878160358113771616,1878160358113771616,1019932961632866305,,
1878124611532947907,DaanCrypto,2025-01-11T16:59:35+00:00,"$XRP Attempting a breakout of this bullish pennant.

Will be interesting to see if it can actually push through and hold the breakout. If so, I'd be expecting higher over the next week. https://t.co/drpp8n4xxa",https://x.com/DaanCrypto/status/1878124611532947907,quote,1878124611532947907,,,1877325196257829205,
1878083325031600272,DaanCrypto,2025-01-11T14:15:32+00:00,@ai_schrodinger Sounds about right,https://x.com/DaanCrypto/status/1878083325031600272,reply,1878074858887659930,1878081853187371134,1846545103893958656,,
1878074858887659930,DaanCrypto,2025-01-11T13:41:53+00:00,"The percentages $ETH does within its first few weeks of the year are pretty crazy.

Double digit percentage weeks are not crazy to see, looking at Ethereum's history.

Remind me to watch out for week 8 😆

All jokes aside, this can give a good idea of the seasonality which is often a decent factor for the crypto market. But I'd look at this more broadly, and not on a week to week basis. That's why I'd usually recommend looking at the quarters as those can give a better overview of seasonality.",https://x.com/DaanCrypto/status/1878074858887659930,tweet,1878074858887659930,,,,
1878014001315024971,DaanCrypto,2025-01-11T09:40:04+00:00,@CryptoWizardd Gm,https://x.com/DaanCrypto/status/1878014001315024971,reply,1878013913398141285,1878013913398141285,972970759416111104,,
1877982317475454983,DaanCrypto,2025-01-11T07:34:10+00:00,"$BTC It's weekend. Not expecting much after all the volatility from last week.

We'll see next week. 🫡

Enjoy your weekend! https://t.co/C9XUr6bP78",https://x.com/DaanCrypto/status/1877982317475454983,tweet,1877982317475454983,,,,
1877821441699115284,DaanCrypto,2025-01-10T20:54:54+00:00,"$BTC Initial breakdown failed yesterday. Still holding this triangle/pennant.

As mentioned yesterday, it could easily take another week or two before this actually breaks out and leaves this price range. https://t.co/va9iBNUSTB",https://x.com/DaanCrypto/status/1877821441699115284,quote,1877821441699115284,,,1877390767607656512,
1877770151942086686,DaanCrypto,2025-01-10T17:31:06+00:00,"@gametheorizing @AviFelman Was a good one, as always 👍 https://t.co/z8XuHRKdLR",https://x.com/DaanCrypto/status/1877770151942086686,reply,1877755688643961097,1877755688643961097,1081354216843632640,,
1877762480388063667,DaanCrypto,2025-01-10T17:00:37+00:00,"The Chart below shows the total money raised in funding rounds for Crypto projects.

Obviously, this peaks around the highs of the market when sentiment is high and valuations through the roof. This is also when the risk/reward for investors is often the worst.

The end of 2024 saw a slight uptick similar to the end of 2020 (4 years ago).

But we're clearly nowhere close to the previous cycle's levels. An argument could be that more funds are allocated into AI investments outside of the crypto sector. But it's also pretty rare to see this heat up before the market as a whole has gone on a face melting rally into price discovery similar to 2017 and 2021.

Will come back to this chart in the future and see how it has changed.",https://x.com/DaanCrypto/status/1877762480388063667,tweet,1877762480388063667,,,,
1877757544766066847,DaanCrypto,2025-01-10T16:41:00+00:00,"$STX Has been consolidating between ~$1.3 and $2 for the better part of last year.

I'm watching for another break of $2 which would lead to another test of the highs I'm assuming.

The recent Nakamoto upgrade and network increases have made it so block times are now quick (not the BTC block times) which makes me think we'll see the ecosystem pop at some point.",https://x.com/DaanCrypto/status/1877757544766066847,quote,1877757544766066847,,,1877609324119216361,
1877756677539168326,DaanCrypto,2025-01-10T16:37:33+00:00,@AviFelman Tuning in 🫡,https://x.com/DaanCrypto/status/1877756677539168326,reply,1877755693756809552,1877755693756809552,3364497995,,
1877753429440827883,DaanCrypto,2025-01-10T16:24:39+00:00,"@qthomp @josephwang So now even the Fed members are completely divided based on their political preference?

How much more divided can the government get lol",https://x.com/DaanCrypto/status/1877753429440827883,reply,1877752935968276897,1877752935968276897,1071942464888598531,,
1877721156557398244,DaanCrypto,2025-01-10T14:16:24+00:00,@jackkbillion @wclemente Especially seeing the ruling was a week prior to the news getting public (after a big fall).,https://x.com/DaanCrypto/status/1877721156557398244,reply,1877719377295884619,1877720939724468271,1609823921871659008,,
1877719062672728567,DaanCrypto,2025-01-10T14:08:05+00:00,"@BoardInvestor Yea probably.

Going to be great for this cycle. Not so much longer term if it means inflation resurfaces.

But hey, that's an issue for another day",https://x.com/DaanCrypto/status/1877719062672728567,reply,1877718160054300797,1877718821215056183,1258055136183803908,,
1877718160054300797,DaanCrypto,2025-01-10T14:04:30+00:00,"Honestly, seeing where $DXY and Yields are at, and considering $BTC is trading at $90K+, that's pretty impressive.

Going to be an interesting market once DXY and Yields finally do come back down or at least stop going up at the pace they are now. 

The question is why they will be coming down, if it's because the economy is deteriorating quick and the Fed is panic cutting, then that's not great. We'll see in due time.

But risk assets have been trending up in hard mode with a strong dollar and high yields. Once those stop trending up, that should support risk assets like $BTC.

Lots of factors/variables at play though and it's not aways that black and white. But look out for when yields/dxy cool off.",https://x.com/DaanCrypto/status/1877718160054300797,tweet,1877718160054300797,,,,
1877696919515897932,DaanCrypto,2025-01-10T12:40:06+00:00,@sergio_tesla_ 🤝,https://x.com/DaanCrypto/status/1877696919515897932,reply,1877696650837110860,1877696650837110860,1605550917893382145,,
1877692481384378591,DaanCrypto,2025-01-10T12:22:28+00:00,"The $TOTAL Altcoin Market Cap has just been chopping sideways in between these two weekly levels I marked out 2 weeks ago.

No changes here. Everyone losing their minds while there's little to no progress made to either direction.

Hold tight until $1.1T+ when the fun starts.

Sustained price action below $800B and you can start worrying imo.",https://x.com/DaanCrypto/status/1877692481384378591,quote,1877692481384378591,,,1873123339964678282,
1877690919245234438,DaanCrypto,2025-01-10T12:16:15+00:00,"$CPOOL First decent dip since the ~900% rally from the August lows.

Making for some healthy consolidation. Would like to see some sideways action here and for this to retake the $0.388 level after.

$0.27 is an interesting support level in case it gets there. https://t.co/O8HXLwNW1N",https://x.com/DaanCrypto/status/1877690919245234438,quote,1877690919245234438,,,1877324450972184794,
1877654136952426575,DaanCrypto,2025-01-10T09:50:06+00:00,@0xaporia Very,https://x.com/DaanCrypto/status/1877654136952426575,reply,1877651528682508404,1877653311844753475,1292508532823252994,,
1877651528682508404,DaanCrypto,2025-01-10T09:39:44+00:00,"$BTC Now in its 13th green hourly candle in a row.

The past few days we also saw $ETH hit 13 red 4H candles in a row.

Market is either up only or down only on these smaller timeframes. In the end many get chopped up.

Zooming out is my recommendation :) https://t.co/JZcPrjDTSM",https://x.com/DaanCrypto/status/1877651528682508404,tweet,1877651528682508404,,,,
1877627437900595246,DaanCrypto,2025-01-10T08:04:00+00:00,"I prefer horizontal levels over diagonal trend lines any day.

Horizontals often align with psychological numbers. They are the same on every chart and many people are looking at similar levels.

They are also the basis of many targets and stop losses which makes horizontal levels good for sweeping liquidity.

Usually, the more basic a system is, the better it tends to work.",https://x.com/DaanCrypto/status/1877627437900595246,tweet,1877627437900595246,,,,
1877460840494117269,DaanCrypto,2025-01-09T21:02:00+00:00,"The Pi Cycle Top Has been an interesting metric to look at when determining the cycle top.

The past three cycles, whenever the  111DMA (Red) moves up and crosses the 350DMA x 2 (Green) it has meant that the Bitcoin price has topped.

This has been accurate within days/weeks.

While tools like these are not all you should go by, it will still be a chart I will be looking at for confluence when the time is there.

For now, this point is nowhere close.",https://x.com/DaanCrypto/status/1877460840494117269,tweet,1877460840494117269,,,,
1877392599398363571,DaanCrypto,2025-01-09T16:30:50+00:00,@hieuphams I never really like (Inverse) H&S patterns in crypto. Feel like they are often quite subjective and don't yield great results.,https://x.com/DaanCrypto/status/1877392599398363571,reply,1877390767607656512,1877392393604837634,903561456045699072,,
1877390767607656512,DaanCrypto,2025-01-09T16:23:33+00:00,"$BTC Don't be surprised if it takes until the end of January to get a proper move going again.

I'm watching this triangle/pennant to determine a possible breakout from this consolidation.

My belief is still that Q1 will generally end up being green. But a choppy end and start of the year is often the case.

Last year, price topped on the 11th of January (ETF trading Day), bottomed on the 23th of January, and took off in February & March. Not expecting a complete copy of that, but that's just to show how quick things can change within a few weeks. Sentiment was all over the place back then as well.",https://x.com/DaanCrypto/status/1877390767607656512,tweet,1877390767607656512,,,,
1877338862952870098,DaanCrypto,2025-01-09T12:57:18+00:00,@VulcanForged https://t.co/tTQSumtjTW,https://x.com/DaanCrypto/status/1877338862952870098,quote,1877335781968163030,1877336556760858760,1261684151780081664,1877338812507984076,
1877338851913408979,DaanCrypto,2025-01-09T12:57:16+00:00,@hopedealergrace https://t.co/tTQSumtjTW,https://x.com/DaanCrypto/status/1877338851913408979,quote,1877335781968163030,1877336837150167166,1452340867184971787,1877338812507984076,
1877338812507984076,DaanCrypto,2025-01-09T12:57:06+00:00,"Spot prices trading above perpetual prices.

Likely because longs got squeezed out and/or shorts entering.

Additionally it can show there's more spot bid than people longing on perps.

Generally healthy but doesn't mean an instant reversal or anything. Does show there's a lot of froth out of the market.",https://x.com/DaanCrypto/status/1877338812507984076,tweet,1877335781968163030,,,,
1877338561457864922,DaanCrypto,2025-01-09T12:56:06+00:00,@ImmutableAlpha They are roughly the same. Although this chart is aggregated,https://x.com/DaanCrypto/status/1877338561457864922,reply,1877335781968163030,1877336695042982257,1255628257501818881,,
1877335781968163030,DaanCrypto,2025-01-09T12:45:04+00:00,$BTC Spot premium at the highest level since the ~$70K price range. https://t.co/zPTSYGtXtp,https://x.com/DaanCrypto/status/1877335781968163030,tweet,1877335781968163030,,,,
1877325196257829205,DaanCrypto,2025-01-09T12:03:00+00:00,"$XRP Hate it or love it, this coin does respect its levels very well and can be great to trade.

I'm watching this massive triangle/pennant to see what to expect next for XRP.

Generally these kind of patterns do end in a break out towards the upside but that's yet to be seen. Will just wait for confirmation and see where this wants to go.",https://x.com/DaanCrypto/status/1877325196257829205,tweet,1877325196257829205,,,,
1877269426594042098,DaanCrypto,2025-01-09T08:21:23+00:00,"$BTC Has seen $35.3B+ in net inflows during 2024 after trading for almost a full year.

How much do you think the combined spot ETFs will have accumulated by the end of 2025?

My rought estimate would be anywhere from $60B-$80B. Don't think we'll go much quicker than last year, although I think price action might get interesting. Also don't see it slow down considerably due to that.",https://x.com/DaanCrypto/status/1877269426594042098,tweet,1877269426594042098,,,,
1877106286623428654,DaanCrypto,2025-01-08T21:33:08+00:00,"@Crypto_Leonidas I would give it <5% simply because I don't think it's the case unless some black swan occurs.

Think we got a good amount to go still",https://x.com/DaanCrypto/status/1877106286623428654,reply,1877098955667833139,1877100607414165907,72353953,,
1877106134072361447,DaanCrypto,2025-01-08T21:32:31+00:00,@CryptopepperP 🫶,https://x.com/DaanCrypto/status/1877106134072361447,reply,1877098955667833139,1877102512978747432,1349770535958417411,,
1877098955667833139,DaanCrypto,2025-01-08T21:04:00+00:00,"$BTC Last year, the market often bottomed (or topped) in the first week of the month.

This was then followed by a large move to the other direction.

Generally, we saw a sharp decline during the first few days of the month and a bounce after.

June was the only month where price went up first followed by downside for the rest of the month.

July - November saw downside first followed by upside for the rest of the month.

December has been an exception where price mostly chopped sideways.

January we've seen a rise at the start of the month with a local top which was made on the 7th and now a new monthly low on the 8th. Pretty undecisive start of the year so far.

This doesn't say much yet, especially seeing December broke the trend and the start of the year is generally very choppy. But nonetheless, I'll keep an eye on this ""trend"" to see if we're seeing the same again in 2025.

I first posted about this back in August/September. This was useful to now when the September, October and November dips happened as it was a trend that we saw previously which added confluence for dip buys in those regions.

That's why tracking these kind of things can be useful, especially if they have consistently repeated.

But once again, new year, new market. Let's see how we do in 2025.",https://x.com/DaanCrypto/status/1877098955667833139,quote,1877098955667833139,,,1830697705242321277,
1877057493068583127,DaanCrypto,2025-01-08T18:19:15+00:00,"@cryptochimpanz Well, so far so good so share some profits pls",https://x.com/DaanCrypto/status/1877057493068583127,reply,1877052269432336815,1877053383455936777,1007179644825726976,,
1877053021428805985,DaanCrypto,2025-01-08T18:01:28+00:00,@rj_trading1 Yes,https://x.com/DaanCrypto/status/1877053021428805985,reply,1877048870053851192,1877049163642269720,929447345640665088,,
1877052269432336815,DaanCrypto,2025-01-08T17:58:29+00:00,"$ETH And here it is again. 4H RSI oversold on ETH.  

Worked well last time. Let's see if this time is different.

Having said that, I'd like to mention again that you should use more tools than just a single RSI print on 1 timeframe to make your decisions :)

For me it's just a good indication of an extreme being hit in the short/mid term which is reason for me to start paying attention.",https://x.com/DaanCrypto/status/1877052269432336815,tweet,1877052269432336815,,,,
1877051090279018554,DaanCrypto,2025-01-08T17:53:48+00:00,@bitmori Yes and longs getting squeezed,https://x.com/DaanCrypto/status/1877051090279018554,tweet,1877046436820316617,,,,
1877048870053851192,DaanCrypto,2025-01-08T17:44:59+00:00,"$ETH $3.3K is the first level of interest.

Would look decent if it can close this 4H candle above that level.

If it just keeps hanging around here I'd be looking at a sweep of the December 20 lows. Although that would not look great.

Yearly Open Swept on most coins including $BTC & $ETH so I'm watching closely.",https://x.com/DaanCrypto/status/1877048870053851192,tweet,1877048870053851192,,,,
1877046436820316617,DaanCrypto,2025-01-08T17:35:19+00:00,The $BTC Yearly Open and Yearly Low have been swept. https://t.co/fBMdQ7NBpR,https://x.com/DaanCrypto/status/1877046436820316617,tweet,1877046436820316617,,,,
1877038305981714638,DaanCrypto,2025-01-08T17:03:00+00:00,"Over $700M+ of positions got liquidated in the past 24 hours.

$ETH got hit the hardest and also fell over 10% in the span of a day. Looks like there was a lot of early positioning for the Q1 seasonality which generally benefits ETH.

We've also seen $1.5B+ in Open Interest wiped out on ETH alone.",https://x.com/DaanCrypto/status/1877038305981714638,tweet,1877038305981714638,,,,
1877009335374459258,DaanCrypto,2025-01-08T15:07:53+00:00,"*Prices back to where they were 1 week ago.*

The timeline: ""Top is in!""

Can't wait to see those same people mention about how the entire market is going to 10x in the same month the moment prices bounce 1% from here.",https://x.com/DaanCrypto/status/1877009335374459258,tweet,1877009335374459258,,,,
1877002774748995911,DaanCrypto,2025-01-08T14:41:49+00:00,"@Cryptod1v3r Haha no I won't.

These are not really meant as predictions just more some relatively conservative area's I'm looking for",https://x.com/DaanCrypto/status/1877002774748995911,reply,1877001042635751493,1877002472423604569,1755363744450818049,,
1877002572562629034,DaanCrypto,2025-01-08T14:41:00+00:00,"@tree_of_pausa I think ETH can go quick if it can find some momentum for sure.

Just been disappointed a lot so far so hard to say at this point. We'll see when it gets back to the 4-5K area",https://x.com/DaanCrypto/status/1877002572562629034,reply,1877001042635751493,1877002024916500913,704361717589880832,,
1877002434406392043,DaanCrypto,2025-01-08T14:40:28+00:00,@TheCryptoDude5 Better to stay somewhat conservative to not aim too high and end up missing out on selling at all,https://x.com/DaanCrypto/status/1877002434406392043,reply,1877001042635751493,1877001317920522445,1376175703926972416,,
1877001042635751493,DaanCrypto,2025-01-08T14:34:56+00:00,"Some targets I hope to see this cycle:

$BTC - $150K+
$ETH - $6K+
$SOL - $350+
$DOGE - $1+
$LINK - $35+
$UNI - $25+
$AAVE - $600+
$LDO - $4+
$STX - $4+

Would not see this as a ""prediction"", more as levels I think are reachable and where I'd be satisfied with for this cycle (as minimums). Just took some of the larger caps.

There's always outliers with these and making price predictions this far out is fun, but don't make too much sense. Although people love to read them.

There will be things happening this year which makes for some crazy runner/sector outperforming people's wildest dreams. There will also be underperformers. That's the name of the game.

See you all later in 2025 to see how this has aged :)",https://x.com/DaanCrypto/status/1877001042635751493,tweet,1877001042635751493,,,,
1876990095204466825,DaanCrypto,2025-01-08T13:51:26+00:00,@0xENAS Can't wait for later when prices trade 1% higher and people call for $500K per $BTC again.,https://x.com/DaanCrypto/status/1876990095204466825,reply,1876989769776878075,1876989769776878075,1663502213870915584,,
1876962556872368198,DaanCrypto,2025-01-08T12:02:00+00:00,"1st Week of 2025 Crypto Sector Performance 👇

🥇 AI
🥈 L1s
🥉 L2s

AI is still the strongest sector, especially when accounting for all the AI Agents which moved up a lot last week, which are not included in this graph. https://t.co/9ESoBSMioH",https://x.com/DaanCrypto/status/1876962556872368198,tweet,1876962556872368198,,,,
1876913088064000433,DaanCrypto,2025-01-08T08:45:26+00:00,"@LaCryptida Indeed, not sure where that one went haha",https://x.com/DaanCrypto/status/1876913088064000433,reply,1876901907072954776,1876908934906130444,1722220384030961664,,
1876912818273796126,DaanCrypto,2025-01-08T08:44:21+00:00,"The Weekly RSI Heatmap showing a clear story.

This is sorted from high to low market cap. The higher market caps are generally trading at a higher RSI and stronger high timeframe chart (Top left).

The mid/small caps generally have been pretty weak and are trading without any strong upside momentum as we speak.

The overall market sitting at a Weekly RSI of ~50 is still pretty neutral as well.",https://x.com/DaanCrypto/status/1876912818273796126,tweet,1876912818273796126,,,,
1876742625186795534,DaanCrypto,2025-01-07T21:28:04+00:00,"@BraisMichael People that do it just for the money burn out quickly.

Obviously the money is a big factor, but I still see it as a hobby as well",https://x.com/DaanCrypto/status/1876742625186795534,reply,1876735813108834442,1876736334573805650,1530970945569099776,,
1876735813108834442,DaanCrypto,2025-01-07T21:01:00+00:00,"$BTC Sometimes it's fun to think back about when you started your crypto journey. What prices coins were trading at and all the ups & downs you've had along the way.

Would you have outperformed if you'd just have held $BTC from the start?

I did outperform BTC during my years in crypto, but  there have definitely been a lot of periods in between where I wished I would have primarily held BTC vs a lot of underperforming alts. There's generally only a very small timeframe (6-12 months) in a cycle where alts truly outperform on a broad basis.

Then there's a lot of periods of long chop/consolidation where I overtraded and generally just wasted a lot of time & energy. 2022 bear market was brutal for me, 2023 summer chop was a big waste of time as well. We live and we learn, with each cycle you'll gain more experience and learn from more mistakes.

It's been incredibly fun & intense so far, hope to stick around for many more years. Opposed to many out here, I won't be leaving any time soon, regardless of any sum of money I might make at some point. I just like it to much here.",https://x.com/DaanCrypto/status/1876735813108834442,tweet,1876735813108834442,,,,
1876651355579773084,DaanCrypto,2025-01-07T15:25:24+00:00,"$BTC About $1.6B in Open Interest wiped out since the local high yesterday.

$ETH also saw about $1B in Open Interest get rinsed out on this move.

Going to be interesting seeing how this plays out in the short term. Overall market still remains choppy which is usually the case near the end and start of the year.

Focus on the larger timeframes and you'll be fine :)",https://x.com/DaanCrypto/status/1876651355579773084,tweet,1876651355579773084,,,,
1876630121282727990,DaanCrypto,2025-01-07T14:01:01+00:00,"@PunkChainer If they turn on the fee switch, we'll be there in no time",https://x.com/DaanCrypto/status/1876630121282727990,reply,1876600169363349619,1876629779321073878,920184230411427840,,
1876628982956757221,DaanCrypto,2025-01-07T13:56:30+00:00,@saylor Saylor's size is size,https://x.com/DaanCrypto/status/1876628982956757221,reply,1876624199747555569,1876624199747555569,244647486,,
1876615436567032280,DaanCrypto,2025-01-07T13:02:40+00:00,"Yea these have done well obviously but probably hard to get into now after the recent massive pump (although it can always go higher).

Usually easier to hop onto a new narrative or trend that might be forming.

But I'd refrain from trying to predict it before it happens and allocating too heavily as that usually just leads to underperformance as something might never actually run and you'll just miss out due to opportunity cost.",https://x.com/DaanCrypto/status/1876615436567032280,reply,1876600169363349619,1876614656611045509,1866798845063204866,,
1876614105697587546,DaanCrypto,2025-01-07T12:57:23+00:00,"I hold $DOGE & $STX as some bigger positions as well but those aren't really small in terms of market cap either.

Biggest positions that are still relatively small in market cap would be something like $BANANA or $COOK.

But if you really want to take some risk then hopping onto what's hot/hyped currently is usually your best bet.",https://x.com/DaanCrypto/status/1876614105697587546,reply,1876600169363349619,1876613354925764715,1866798845063204866,,
1876613260428116012,DaanCrypto,2025-01-07T12:54:01+00:00,@Crypto_McKenna Looking good. Excited for Q1 :),https://x.com/DaanCrypto/status/1876613260428116012,reply,1876612814938190208,1876612814938190208,948974801737134080,,
1876612776287707394,DaanCrypto,2025-01-07T12:52:06+00:00,"I like $ETH (risk adjusted).

If ETH does well so will DeFi most likely.

Think $SOL will fly once it breaks into price discovery as well.

Besides that, anything that's hot currently. Seems to be AI/AI agents as we speak but has run up a lot in a short time. So just keep your eyes out for any new narrative which might pop up.",https://x.com/DaanCrypto/status/1876612776287707394,reply,1876600169363349619,1876605343196979405,1866798845063204866,,
1876611662045675655,DaanCrypto,2025-01-07T12:47:40+00:00,@ClearpoolFin @avax @FlareNetworks @base @VelodromeFi @LayerZero_Core @Hex_Trust @ethena @SolvProtocol @Synnax_ai @Polytrade_fin Congrats on all the progress. Big year 🌊,https://x.com/DaanCrypto/status/1876611662045675655,reply,1876607687846433220,1876607687846433220,1433318597271572488,,
1876600169363349619,DaanCrypto,2025-01-07T12:02:00+00:00,"Still seeing a lot of talks about taking profit and closing active positions early after each ~10% move. (Which has made a lot of sense recently).

To be clear, I am referring to short/mid term active trades here. Not long term spot holds.

Taking profit early on positions has treated those that did, quite well for most of the past year. Where the majority of coins have primarily been moving up and down without pulling massive multiples (plenty of exceptions that did of course).

There will be a point where many coins just start running and don't look back for a while. Similar to the rally near the end of 2023 until the beginning of 2024. We saw many 3-5x+ rallies with relatively small corrections in between.

Especially when the past month of returns looks like the metric below, most coins are still down a lot from their post election highs and even further from their 2024 cycle highs. Some won't get back there but I think a lot of gains are still to be realized by many coins and taking profit (on active positions) early, will just make people rebuy those same coins at higher prices at some point.

So watch closely when consolidations get shorter and coins keep making new legs up. That's when the parabolic phase likely starts and when sitting on your positions will become extremely profitable.

When the real fun begins, letting the winners ride and not touching them + not wasting time & energy managing the positions, is usually recommended.

But always keep yourself to your own trading plan/strategy. If capturing smaller moves and compounding them works for you, then that's what you should keep doing.",https://x.com/DaanCrypto/status/1876600169363349619,tweet,1876600169363349619,,,,
1876590934269325383,DaanCrypto,2025-01-07T11:25:18+00:00,@CryptoJelleNL 🤝,https://x.com/DaanCrypto/status/1876590934269325383,reply,1876574657966456893,1876574657966456893,787634466,,
1876565779480715567,DaanCrypto,2025-01-07T09:45:21+00:00,"$NEAR Holding on to its Daily 200MA/EMA. Looks like a big consolidation before the next higher timeframe leg up to me.

Needs to clear that ~$8 region to clear the path to the all time highs. Still quite far off but I like the high timeframe chart. https://t.co/RIbhnlPnsx",https://x.com/DaanCrypto/status/1876565779480715567,quote,1876565779480715567,,,1874424863789899787,
1876552386052817164,DaanCrypto,2025-01-07T08:52:08+00:00,@CryptoJelleNL Aye,https://x.com/DaanCrypto/status/1876552386052817164,reply,1876548679236006385,1876548679236006385,787634466,,
1876544896322191858,DaanCrypto,2025-01-07T08:22:22+00:00,"@CryptoMutant I'm comparing the top 2 as they are miles above anything else.

Anything smaller/further down the risk curve will usually outperform on the upside.

Risk adjusted is what matters in the end",https://x.com/DaanCrypto/status/1876544896322191858,reply,1876539770635264133,1876542815297282112,979790805119455238,,
1876544716679884931,DaanCrypto,2025-01-07T08:21:39+00:00,"@Sythedreamer I've not seen a single flippening tweet in 2 years.

ETH/BTC is at its lows and nowhere close to flipping $BTC honestly lol.",https://x.com/DaanCrypto/status/1876544716679884931,reply,1876539770635264133,1876541217837920691,1812020885680779264,,
1876539770635264133,DaanCrypto,2025-01-07T08:02:00+00:00,"$ETH ⚔️ $BTC Q1.

ETH taking an early lead here on the back of positive sentiment surrounding the good seasonality. Which makes sense looking at the historical performance during Q1 in the Post-Halving years.

Going to be an interesting race where I do think both will be winners in the end.",https://x.com/DaanCrypto/status/1876539770635264133,quote,1876539770635264133,,,1875090219348938911,
1876373424559575531,DaanCrypto,2025-01-06T21:01:00+00:00,"$BTC Has only just started its price discovery phase.

We're now in the first full week of the post halving year, which is historically the most bullish year of the cycle.

Exciting times. https://t.co/1s10e5JS54",https://x.com/DaanCrypto/status/1876373424559575531,tweet,1876373424559575531,,,,
1876314631649861691,DaanCrypto,2025-01-06T17:07:23+00:00,"One prediction I want to do for 2025 is the fact that I think some major DeFi protocols will implement a form of fee accrual for its token holders.

Coins like $UNI & $LDO have reigned on top of the protocols that generate the most revenue for years. Yielding ~$1B in the past year alone. For reference, LDO itself only has a ~$2B FDV.

Yet, the price action is lacking because the tokens are simply used for governance which is not very attractive.

With a new pro-crypto administration (and SEC?) in the US this year, I think some of these protocols will opt to enable the fee switch to give back some of the fees generated to token holders/stakers.

Doing so, will likely generate a new narrative for utility coins and cause these coins to start appreciating in value. 

So why would these teams opt to do so and not keep all the fees for themselves? Seeing the teams/VCs own a ton of tokens, this would likely end up being a +EV decision for them anyways. Give up some of the revenue but make a large profit on the tokens that are being held.

It probably only takes one of the major DeFi protocols to do so, the rest will follow. Especially if the result is promising. Just look at $PENGU and how much noise that sparked around existing collections without a native token. Projects will hop onto anything that works, especially in the midst of a raging bull cycle.

I think the ""safest"" way to play this is to wait for one of these protocols to implement such a change and then hop onto the momentum that follows. Holding a multi-month perpetual position hoping it happens will likely cause underperformance.

I do personally hold some spot $UNI, $LDO and $AAVE since late Summer post the August flush out. Without this narrative I think these would still do okay. Especially if $ETH starts running soon. But they won't be outperformers without tokenomics changes and/or ETH outperforming.

I think this narrative shift could make for a massive rotation back into utility tokens which most portfolio's are relatively underweight to at this point.

My main plan is to jump onto any momentum which might follow once we see some of these changes in the DeFi space. For now, the sector is still underperforming many other sectors like AI, RWA, memes etc. So I'm mainly just sticking in my spot positions which are more long term orientated.

The main goal of this post is to be aware of what might be coming in 2025 and the effect it could have.",https://x.com/DaanCrypto/status/1876314631649861691,tweet,1876314631649861691,,,,
1876313201354367246,DaanCrypto,2025-01-06T17:01:42+00:00,"@Petbond008 Plenty are doing it already.

But not all of them yield $1B+ in fees each year",https://x.com/DaanCrypto/status/1876313201354367246,reply,1876312167202607313,1876312915902632142,946681356624515072,,
1876286716606353543,DaanCrypto,2025-01-06T15:16:27+00:00,"$BTC Broke above its 4H 200MA and high volume area.

Pretty strong move so far at the start of the first full trading week of 2025.

The trend is your friend. https://t.co/LprW5QGeFd",https://x.com/DaanCrypto/status/1876286716606353543,quote,1876286716606353543,,,1875648901631390120,
1876280524224057448,DaanCrypto,2025-01-06T14:51:51+00:00,@Dolomite_io @berachain Let's go!,https://x.com/DaanCrypto/status/1876280524224057448,reply,1876274731210736017,1876274731210736017,990716955236749312,,
1876265352172286017,DaanCrypto,2025-01-06T13:51:33+00:00,@FiatDemise @LilShrimpXBT @Yavor98992710 @COINAppRankBot Don't think so,https://x.com/DaanCrypto/status/1876265352172286017,reply,1876177131551793363,1876263670583579033,1157451503562559488,,
1876265328709419306,DaanCrypto,2025-01-06T13:51:28+00:00,@Yavor98992710 Telegram channel coinbaseappstore,https://x.com/DaanCrypto/status/1876265328709419306,reply,1876177131551793363,1876191762861166966,1351551911263137797,,
1876259721688092903,DaanCrypto,2025-01-06T13:29:11+00:00,"We've not really seen a somewhat market wide alt season, considering Bitcoin Dominance has trended up for the past 2+ years.

Specific sectors have seen strong outperformance.

So depending on your definition it either has happened or is yet to occur properly.

I like sticking with the Bitcoin Dominance trend to determine alt season or not.",https://x.com/DaanCrypto/status/1876259721688092903,reply,1876258648189497590,1876258648189497590,1424275360250748928,,
1876235933114372367,DaanCrypto,2025-01-06T11:54:39+00:00,@ChasingCandles_ Thank you! Much appreciated :),https://x.com/DaanCrypto/status/1876235933114372367,reply,1876222185385136165,1876235821193613687,1420689748042125313,,
1876235879653793887,DaanCrypto,2025-01-06T11:54:27+00:00,"@theo_crypto99 Yes, same idea",https://x.com/DaanCrypto/status/1876235879653793887,reply,1876235204484014581,1876235204484014581,949619698387349505,,
1876232678653251777,DaanCrypto,2025-01-06T11:41:43+00:00,@Timeless_Crypto I'm ready,https://x.com/DaanCrypto/status/1876232678653251777,reply,1876231548590227797,1876231548590227797,952109977157668864,,
1876232415469015326,DaanCrypto,2025-01-06T11:40:41+00:00,"@odysseysssc Should be working, sometimes it takes a minute or so for youtube to properly process it",https://x.com/DaanCrypto/status/1876232415469015326,reply,1876222185385136165,1876222504882335872,624715192,,
1876232271063310661,DaanCrypto,2025-01-06T11:40:06+00:00,@0xMantleIntern @0xMantle @mETHProtocol @IgnitionFBTC 👏,https://x.com/DaanCrypto/status/1876232271063310661,reply,1876230814234788322,1876230814234788322,1687557866066989056,,
1876222185385136165,DaanCrypto,2025-01-06T11:00:02+00:00,"🔔 New Video!

Discussing the year ahead, My view on the first quarter and some coins & sectors I'm interested in for 2025.

If you like my content, consider subscribing and leaving a like! It helps to push it in the algorithm. 👍

🔗 https://t.co/nw3ypw3M5C https://t.co/VDqzXcGrQ8",https://x.com/DaanCrypto/status/1876222185385136165,tweet,1876222185385136165,,,,
1876177131551793363,DaanCrypto,2025-01-06T08:01:00+00:00,"The Coinbase App Store Rankiing has been holding around the 150-200 spot.

It peaked in the top 10 during March 2024 when the market locally topped and meme coins were going crazy.

In general, this is a decent indicator of retail sentiment. The higher it goes, the more hype & retail is active within the markets. That's also when the craziest moves occur and when you should start being cautious.

Right now, we're nowhere close to that early 2024 sentiment & momentum and even further away from previous cycle's craziness.",https://x.com/DaanCrypto/status/1876177131551793363,tweet,1876177131551793363,,,,
1876011037008486554,DaanCrypto,2025-01-05T21:01:00+00:00,"$BTC Moved to the mid range of this messy price action the past month or so.

Volume has been traded pretty evenly as well during this range as can be seen from the volume profile on the right.

Breaking and holding above the ~$98K level is key for continuation higher next week.

Would expect price action to remain choppy until it gets back to those all time high levels and can start trending into price discovery again.

This consolidation/correction should have made for a good base and a healthy reset across the board.",https://x.com/DaanCrypto/status/1876011037008486554,quote,1876011037008486554,,,1873699492119142783,
1875950638846169101,DaanCrypto,2025-01-05T17:01:00+00:00,"$ETH Has not looked back since the sharp decline from ~2 weeks ago.

It's pretty rare to see indicators like the 4H RSI go as low as it goes during a larger up trend like we saw.

Generally you get this a few times during a larger bull cycle and often offer good opportunities. https://t.co/Wl59Z3t0Nq",https://x.com/DaanCrypto/status/1875950638846169101,quote,1875950638846169101,,,1870081154784620899,
1875942447114752036,DaanCrypto,2025-01-05T16:28:27+00:00,@saylor 500K $BTC when?,https://x.com/DaanCrypto/status/1875942447114752036,reply,1875908450678722991,1875908450678722991,244647486,,
1875942239287087506,DaanCrypto,2025-01-05T16:27:37+00:00,@NachoTrades @tarsprotocol 🤝,https://x.com/DaanCrypto/status/1875942239287087506,reply,1875930894466433412,1875930894466433412,25071910,,
1875871056126222486,DaanCrypto,2025-01-05T11:44:46+00:00,"$BTC Weekend price action as usual. Moving in a ~1% range.

Would have expected some more volatility on alts but even that part of the market has been pretty slow this weekend. The markets still need some time to start up and get back in full force after all the Holidays.

I think next week will be interesting as everyone is back at their stations, economic data will start coming out again and we'll have the first full trading week of 2025.",https://x.com/DaanCrypto/status/1875871056126222486,quote,1875871056126222486,,,1875452787930144771,
1875842322879152434,DaanCrypto,2025-01-05T09:50:35+00:00,@HighStakesCap @Route2FI @ColonelCoochi3 Insane trade,https://x.com/DaanCrypto/status/1875842322879152434,reply,1875655084203503743,1875817372357161471,1154010518790791168,,
1875813731008958827,DaanCrypto,2025-01-05T07:56:59+00:00,"Short term predictions can be fun but are rarely ever easy to execute on and very little people are consistent at them. I would recommend to focus on the mid/long timeframe and not worry too much about short term price movements. The higher the timeframe, the easier to manouvre.

Last year, people were calling for a move back to $10K after the ETFs went live. We see how that ended up going. Many such examples throughout the cycle and every previous cycle.

On the other hand, you will have people calling for outrageous targets by the end of the cycle, after coins already did multiples in the weeks prior. This is not a signnal to just counter trade the majority, as the majority tends to be right for a while, especially during bull markets.

But formulate your own plan and stick to it. Having too much noise from X/Twitter or elsewhere will throw you off. It's also why I always recommend having a take profit plan ready in advance. Before the euphoria/mania takes over.

Good luck out there this year. It should be an interesting one 🤝",https://x.com/DaanCrypto/status/1875813731008958827,tweet,1875813731008958827,,,,
1875648901631390120,DaanCrypto,2025-01-04T21:02:00+00:00,"$BTC Held nicely and is now trading near the 4H 200EMA and top of the high volume node.

If this can keep pushing next week, the road is cleared towards $100K+ and beyond. https://t.co/Xvr4YjmhUa",https://x.com/DaanCrypto/status/1875648901631390120,quote,1875648901631390120,,,1875157130409361836,
1875588503649603757,DaanCrypto,2025-01-04T17:02:00+00:00,"The total $ETH Spot ETF inflows sit at ~$2.6B.

This has already come a long way since the -$687M net outflow it sat at in September.

I do belief we will see this reach the $10B+ mark as well this year.

For reference, BTC already sits at +$35B after its first year. https://t.co/ADu83wDjNG",https://x.com/DaanCrypto/status/1875588503649603757,tweet,1875588503649603757,,,,
1875555037159854486,DaanCrypto,2025-01-04T14:49:01+00:00,@CryptoCaligh Well played,https://x.com/DaanCrypto/status/1875555037159854486,reply,1874138700528947505,1875554383691444309,1129900104503062528,,
1875513006215590262,DaanCrypto,2025-01-04T12:02:00+00:00,"$DOGE Deviated and broke back above the important horizontal area.

Strong move back into the old range and following the plan.

I do think the next logical target would be those cycle highs at ~$0.48. Although that might take some time with some roadblocks in between. https://t.co/gwcQgPr4Vw",https://x.com/DaanCrypto/status/1875513006215590262,quote,1875513006215590262,,,1873338678036373823,
1875464521793597681,DaanCrypto,2025-01-04T08:49:21+00:00,@_RichardTeng 💪,https://x.com/DaanCrypto/status/1875464521793597681,reply,1875455911755706521,1875455911755706521,1395261244769112065,,
1875452787930144771,DaanCrypto,2025-01-04T08:02:43+00:00,"$BTC Weekend time. Not expecting much movement during the weekend for BTC. Alts might see some action.

The weekend could offer some decent dip buys if we get it. My bias for Q1 is bullish so I'm not worried about any short term movements.

The first full week of 2025 will give us a better idea of where this is heading in the short term.",https://x.com/DaanCrypto/status/1875452787930144771,tweet,1875452787930144771,,,,
1875286512692248624,DaanCrypto,2025-01-03T21:02:00+00:00,"$BTC Almost exactly 1 year ago, the BTC spot ETFs launched. This caused a short term correction (sell the news).

This year we have the inauguration of Trump in January with similar price action throughout the end of the year.

Let's see if we'll get anything similar to last time.",https://x.com/DaanCrypto/status/1875286512692248624,tweet,1875286512692248624,,,,
1875226115159290149,DaanCrypto,2025-01-03T17:02:00+00:00,"$BTC Open Interest came down a good amount since the top.

Funding rates reset, end of year holidays behind us.

Next week will be the first full week of 2025 where I expect liquidity and volumes to come back into the market. We should also have the tax related transfers behind us at that point.

I am bullish on Q1. Don't get carried away by the short term movements too much.",https://x.com/DaanCrypto/status/1875226115159290149,tweet,1875226115159290149,,,,
1875157130409361836,DaanCrypto,2025-01-03T12:27:53+00:00,"$BTC Trading right around the high volume node. Meaning, most volume traded between these prices.

Generally, price moves easier when its able to break away from such a high volume area.

The 4H 200MA is guarding that breaking on the top side.

The 4H 200EMA below is offering support.

I want to see this break above $98K+ to get the party started and start the run back to the all time highs. $95K is an important level to hold in the short term.",https://x.com/DaanCrypto/status/1875157130409361836,tweet,1875157130409361836,,,,
1875157001829019851,DaanCrypto,2025-01-03T12:27:22+00:00,"@CryptoJelleNL Yes it does.

And yes we do.",https://x.com/DaanCrypto/status/1875157001829019851,reply,1875113165497024793,1875113165497024793,787634466,,
1875156726674313527,DaanCrypto,2025-01-03T12:26:17+00:00,"@rj_trading1 Indeed.

I expect ETH will go quick once it breaches 4.1K mostly",https://x.com/DaanCrypto/status/1875156726674313527,reply,1875150365764587905,1875150561802321931,929447345640665088,,
1875115071883677821,DaanCrypto,2025-01-03T09:40:45+00:00,@alwayshussleNIP I think you'll be fine although memes don't have my highest convictionn,https://x.com/DaanCrypto/status/1875115071883677821,reply,1874923873042354213,1874926396990198236,1084899801043480578,,
1875095262907269563,DaanCrypto,2025-01-03T08:22:02+00:00,@NL_JRC If ETH outperforms you generally also have an alt season,https://x.com/DaanCrypto/status/1875095262907269563,reply,1875090219348938911,1875091034465849628,1863516831048212480,,
1875090219348938911,DaanCrypto,2025-01-03T08:02:00+00:00,"Q1 has begun. I think it's going to be an interesting race between $BTC & $ETH this quarter.

I think both will do well but if there's ever a time and place for ETH to outperform, it's here.

If ETH does outperform, this should also help the overall altcoin market and bring $BTC.D down.",https://x.com/DaanCrypto/status/1875090219348938911,tweet,1875090219348938911,,,,
1874923873042354213,DaanCrypto,2025-01-02T21:01:00+00:00,"Crypto's performance in Q1 is usually pretty positive. Even during bear market years, it tends to be one of the better quarters.

It's also when the market tends to start its new cycle after a bear market.

And it's when we usually see large expansion during its halving and post halving years.

So yea, Q1 is usually pretty exciting.",https://x.com/DaanCrypto/status/1874923873042354213,tweet,1874923873042354213,,,,
1874863475933008110,DaanCrypto,2025-01-02T17:01:00+00:00,"After chopping around the $100K level for about 6 weeks now, we've built up a good amount of liquidity in this area.

Especially from $100K and higher there should be plenty of fuel to propel this higher.

I'm curious to see how the ETFs will do early in the year and if they will continue the pace of last year. I personally think we're yet to see some really crazy ~$2-3B inflow days this year.",https://x.com/DaanCrypto/status/1874863475933008110,tweet,1874863475933008110,,,,
1874827064332923138,DaanCrypto,2025-01-02T14:36:19+00:00,$ETH Interesting first 5 minutes of trading with the US Market open in 2025. https://t.co/uPRsnIr9iN,https://x.com/DaanCrypto/status/1874827064332923138,tweet,1874827064332923138,,,,
1874790029983412578,DaanCrypto,2025-01-02T12:09:09+00:00,@qasimalameri It's from Velo,https://x.com/DaanCrypto/status/1874790029983412578,reply,1874787977873788980,1874789852077813898,1680574537077858308,,
1874787977873788980,DaanCrypto,2025-01-02T12:01:00+00:00,"The start of 2025 so far going by 2024's theme.

AI & Memes leading the charge, followed up by everything else.

I'm sure there will be a lot of rotations this year as we always see. But it's good to be aware of strong sectors at specific times. Especially when actively trading. https://t.co/SB9swrbs6C",https://x.com/DaanCrypto/status/1874787977873788980,tweet,1874787977873788980,,,,
1874771074724016438,DaanCrypto,2025-01-02T10:53:50+00:00,"@cryptocevo People tend to forget that in a bull market, the contrarian trade is barely ever the correct one.

People are geniuses for months on end before it turns against them.",https://x.com/DaanCrypto/status/1874771074724016438,reply,1874769179049591280,1874769179049591280,1962290894,,
1874770105604673756,DaanCrypto,2025-01-02T10:49:59+00:00,"$MNT Flipping key horizontal area's one by one. Closing in on its all time high.

Out of all the top 100 coins, this is the one that gets the least engagement anywhere on this platform I feel like.

Its a coin that seems more popular in the east.

Do think price discovery should bring this to higher levels pretty soon. Good $ETH performance would help.",https://x.com/DaanCrypto/status/1874770105604673756,tweet,1874770105604673756,,,,
1874758742425923731,DaanCrypto,2025-01-02T10:04:50+00:00,"$FET Has chopped around in big waves the passt few months, post the August capitulation candle.

I do think this is due for another move. Just want to see this trade back above ~$1.5 to get things going.

AI pretty strong these past few days so let's see if that sustains. https://t.co/PCyrs21BAn",https://x.com/DaanCrypto/status/1874758742425923731,tweet,1874758742425923731,,,,
1874758154980061652,DaanCrypto,2025-01-02T10:02:30+00:00,"$TAI Has held on to its previous highs during all this bleeding/consolidation in the market.

We're now seeing both $SOL & AI coins show strength. Looks good for another move here I think. https://t.co/x5rMBvrXye",https://x.com/DaanCrypto/status/1874758154980061652,tweet,1874758154980061652,,,,
1874738044697485460,DaanCrypto,2025-01-02T08:42:35+00:00,"@GStoicCapital Where do I recommend anything.

I simply said what my base portfolio consists of. No recommendation anywhere.

I would argue that if there is a time for alts to shine against BTC it would be 2025 yes.",https://x.com/DaanCrypto/status/1874738044697485460,reply,1874727831563067641,1874735599338541126,1397182420194111493,,
1874734971841282073,DaanCrypto,2025-01-02T08:30:22+00:00,"@GStoicCapital BTC is still up 6x from the lows.

That’s more than 99% of the small/mid caps people have been holding because they think BTC doesn’t yield them enough.

Big gains are made on alts yes. But most people don’t outperform BTC and underestimate how quick a few 5xes can compound.",https://x.com/DaanCrypto/status/1874734971841282073,reply,1874727831563067641,1874733526735790095,1397182420194111493,,
1874727831563067641,DaanCrypto,2025-01-02T08:02:00+00:00,"If 2025 is anything like the previous post halving years, you will make gains. It doesn't really matter which coin you hold but there will still be big discrepancies beween the performance of each coin & sector.

Determine for yourself which coins you got most conviction in. It's generally recommended to diversify somewhat, but not to the extend where you own 100+ coins and can't manage it anymore.

This worked perfectly fine in previous cycles, when every coin moved at the same time. But this cycle it's pretty clear that there's narratives and certain sectors that outperform and others that underperform.

I always hold a base exposure to BTC, ETH and some large caps.

A smaller portion I play around with and get into some short/mid timeframe holds which I'm bullish on.

Find what works for you.",https://x.com/DaanCrypto/status/1874727831563067641,tweet,1874727831563067641,,,,
1874561485319627073,DaanCrypto,2025-01-01T21:01:00+00:00,"$BTC Rainbow Chart 🌈

This cycle has not seen price move into the ""warmer"" colors just yet. It took until January 2021 (4 years ago) to have that happen last cycle.

The post halving year, aka 2025, is generally the one where most action occurs.

Bags are packed and ready for what's coming our way next year 🤝

Just don't forget to take profits along the journey. Especially if it's life changing.",https://x.com/DaanCrypto/status/1874561485319627073,tweet,1874561485319627073,,,,
1874501339356504396,DaanCrypto,2025-01-01T17:02:00+00:00,"$ETH Generally sees a good amount of action in Q1. Even during the past few years during the downtrend against $BTC.

During the previous bull cycle, 2020 and 2021 saw large moves for the ETH/BTC ratio which also kick-started an alt season.

~0.04 remains an important level to break for ETH.",https://x.com/DaanCrypto/status/1874501339356504396,tweet,1874501339356504396,,,,
1874436872333836761,DaanCrypto,2025-01-01T12:45:50+00:00,"$BTC Christmas Range has swept both sides for liquidity now.

Mid range at $95.8K has been acting as resistance on the most recent test.

I'd recommend keeping track of when this range breaks out to either side. Should give a good idea of where this moves over the next 1-2 weeks. https://t.co/fPpAXfbsRP",https://x.com/DaanCrypto/status/1874436872333836761,quote,1874436872333836761,,,1872595259370422289,
1874427835273683224,DaanCrypto,2025-01-01T12:09:55+00:00,"$SOL Still like this but want to see some buying in now we got all the holidays behind us.

It's a low/mid timeframe do or die case for many coins.

High timeframe I still belief most things are heading higher in Q1, but depending on the reaction at levels like these, it might determine whether we test lower first or just take off straight away in 2025.",https://x.com/DaanCrypto/status/1874427835273683224,quote,1874427835273683224,,,1870035541468549475,
1874427190684819664,DaanCrypto,2025-01-01T12:07:22+00:00,"$APT Important area here with the golden fibonacci retracement level and Daily 200MA.

Pretty similar to most charts out there. Good run from the August lows and since the elections. Now came down to test those levels and trying to make a higher low. https://t.co/C2tEuoezkq",https://x.com/DaanCrypto/status/1874427190684819664,tweet,1874427190684819664,,,,
1874426609111105703,DaanCrypto,2025-01-01T12:05:03+00:00,"$FOXY Sitting on top of its horizontal support. Would like to see this trade back above $0.012 for some bullish momentum.

Linea TGE coming up in Q1 which should put more eyes on its ecosystem which Foxy is the mascot of. https://t.co/YvsIUB7CRP",https://x.com/DaanCrypto/status/1874426609111105703,tweet,1874426609111105703,,,,
1874425923409433027,DaanCrypto,2025-01-01T12:02:19+00:00,"$METIS Sitting on top of the horizontal support area and the Daily 200MA.

Would want to see this back above $50 to show some strength.

I do think Q1 will be good for the ETH/BTC ratio and that should generally take L2s with it. https://t.co/E84TuCFKMH",https://x.com/DaanCrypto/status/1874425923409433027,tweet,1874425923409433027,,,,
1874424863789899787,DaanCrypto,2025-01-01T11:58:07+00:00,"$NEAR Key area here. Trying to make a higher low after the big impulse up post elections.

Above $5.3 this would look quite good and I do think this will make new cycle highs at some point. https://t.co/KQpEUTMzlR",https://x.com/DaanCrypto/status/1874424863789899787,tweet,1874424863789899787,,,,
1874424563108593908,DaanCrypto,2025-01-01T11:56:55+00:00,"$SEI Interesting high timeframe area.

Want to see this trade back above the Daily 200MA/EMA to confirm the next leg up. https://t.co/h8ThzbX424",https://x.com/DaanCrypto/status/1874424563108593908,tweet,1874424563108593908,,,,
1874424325484515447,DaanCrypto,2025-01-01T11:55:58+00:00,"$ROSE Just consolidating on top of the big horizontal support/resistance area and the Daily 200MA/EMA.

The longer it sits here, the larger the following move will be.

Support is support until it isn't. I do want to see some action from here. https://t.co/DGH3PfCOmA",https://x.com/DaanCrypto/status/1874424325484515447,tweet,1874424325484515447,,,,
1874420314547057125,DaanCrypto,2025-01-01T11:40:02+00:00,"$CPOOL Still hanging around its previous cycle high.

It would be nice if it can hold on to this area and consolidate as the market finds a local floor. https://t.co/aHxoIfdxkN",https://x.com/DaanCrypto/status/1874420314547057125,tweet,1874420314547057125,,,,
1874417724014674320,DaanCrypto,2025-01-01T11:29:45+00:00,"$COOK Has been ranging for the past few weeks since launch.

Price action is getting compressed.

I still think this liquid staking derivative token is relatively undervalued to what's out there. Especially with the recent strength $MNT has been showing which looks due for all time highs.

Think that will pull COOK up with it as well in due time.",https://x.com/DaanCrypto/status/1874417724014674320,tweet,1874417724014674320,,,,
1874365444272042420,DaanCrypto,2025-01-01T08:02:00+00:00,"$BTC Volatility has been moving back up post elections.

I think this is just starting and although volatility is likely to be lower than previous cycles, I think we're yet to see the real volatility & craziness happen this cycle.

Usually price action is relatively stale before going in full on price discovery.

But it's good to note that as the market get larger and more players get involved, volatility, upside & downside will get more and more muted.",https://x.com/DaanCrypto/status/1874365444272042420,tweet,1874365444272042420,,,,
